-21.356060078737187,9.078444884546103,-54.388837382756726
-9.371856153760676,29.155031103238215,-48.16361747060223
-13.43570304432933,-7.415431471617301,-60.887225016397686
-9.195383779848838,17.881050833804167,-58.6341984020478
-2.91808473265994,30.550385269967364,-49.35291299429174
27.41036929256697,23.243513640909942,-56.34613588986667
-3.831034607290837,24.682859565697544,-56.139442047936626
-4.823381992995515,21.195584208539994,-57.580510190042276
-8.18076611511685,12.238795124220172,-61.39467675009793
-2.941961967356553,8.088872811837058,-64.72777318802436
-11.810405445181921,18.16852188262187,-55.70808045642528
-0.5782359828368175,17.59282564536195,-61.513085657146256
-15.323363695128002,10.965048888776899,-57.93991892637409
8.86231609167471,23.380391509819944,-59.742070582635385
-10.783587825181023,10.73932605524488,-61.59460097413662
14.030505222296311,31.49645135815232,-54.23756656335334
2.81024608013157,22.642986331154123,-60.464326307396774
-17.171532592915938,10.736527658710298,-55.669664269330674
2.406795785442016,1.8800741083653492,-66.6267044467412
6.499412755617092,27.762755018922537,-57.68537383737959
-9.054351187536897,13.537081896391937,-60.42431913851013
-7.712786328921698,-1.624071516199199,-63.56719374731477
6.045649208495881,11.395139950755597,-65.85466348551182
4.339536436997799,14.117373563091196,-63.98413460320344
5.482947895917462,15.314606188255217,-63.37522940009277
10.807537504990245,18.44454534539447,-62.097932215513445
12.543504135693977,16.82024699645868,-62.885640583203696
11.525506721182396,23.25870622699268,-58.475319010565414
5.045319691677209,17.31234852542871,-62.8215354961267
6.388190061506646,14.135496442174889,-64.63206941236952
7.043536303191842,17.891102901498762,-63.44678292187763
4.971269052030374,21.235632089088814,-61.44418501502414
13.247614254862754,28.62700529516304,-57.30962491119111
6.841233099947793,21.4730730301673,-62.050959976067524
6.770570031941336,26.49217752151873,-60.6374080079785
2.461845992404802,28.19863543443692,-59.22684480178943
19.003757012053683,40.59989293045745,-47.9035928549733
8.087732778136742,37.186914234218285,-50.66976514696414
-1.8329998522988369,17.41869225742864,-62.993506355558324
15.462919465685466,34.70364898086275,-53.25445360569501
22.758826747291874,0.8723346982041464,-67.16585288710515
8.221113888586212,8.256895699077086,-67.13513041045633
17.429766746424356,24.897001142160452,-59.42835517349964
13.98168165998354,14.365700986982489,-65.02183239487182
12.59517980064938,22.28444756664588,-59.65662042659325
-3.097229124343686,13.091158000925702,-62.05435228244589
5.424368780021046,16.55034686757138,-62.979762965287556
7.9333898103505955,22.941599849318365,-59.72167808776168
-6.764745623154285,16.76003064728985,-61.905621258402476
3.735977064828525,17.945277914414568,-61.908655674007974
4.052414090989776,12.83049170045611,-64.24643108016231
9.368457366122872,26.897799122275,-57.003304209466194
4.290012742645267,19.22574494785814,-62.29414715706422
13.449144891361733,20.927570683160223,-63.651045896681225
22.55521390148422,34.04435331877784,-52.441357401487984
-5.904171820409852,26.497486493179828,-55.682878445648974
0.5362931534590114,26.518027695450716,-58.678332969483975
10.201275151498344,3.13438832321156,-68.27597240761655
34.87631876731646,30.30100287109497,-50.86768315993226
-3.1600622449324653,19.3386555345879,-61.3626363113618
10.046223271510696,26.91422003607292,-61.00960162544118
-10.528273878184914,20.816674999801137,-55.11596697671593
7.680059028513293,36.33494493676411,-48.1882403931269
15.373576877816376,10.41093899356273,-67.21768697577055
8.680043946819467,14.187005390911853,-65.31950936138576
10.334012530885015,19.51677758560131,-62.74473615326191
19.393872248190277,25.869202524944082,-57.493596899279154
20.549966473440655,22.218900518510715,-59.34513928567363
0.16267399035098506,20.157088621052754,-60.357912627294944
-1.6837792395979196,11.282350337665044,-64.41290657755603
3.5948860243794183,22.777953487406247,-60.28016205003722
9.844214691572553,17.81627437588562,-63.80517636582228
11.766053984385552,19.413755164813313,-63.348062153143786
-14.764603248004994,-3.2381602201178934,-4.46578948392369
18.29866143936818,21.3759789218441,-61.48787611837621
22.292327052881156,31.435876678001403,-53.93807672828517
4.5551980801007375,23.51353020007165,-61.383726528287895
6.809716545180395,30.248713438047254,-57.77971179897187
6.988247685824634,21.18164808360507,-64.17508594641454
3.235444163765388,3.089895791402645,-67.53823681392853
30.511756235900677,37.64096215220154,-48.647092741520495
6.783015731595439,11.392954246304228,-68.5542361406148
3.3903857495204868,26.602859317735547,-62.209403052945824
-0.3469984018643437,33.494161939571036,-51.05345727932799
8.899613642088973,22.62143942821625,-64.14497450433672
12.073710987888898,41.95844448482923,-49.38211422740155
-13.813003046522644,24.613638527090277,-61.269177804814674
-5.216017376584142,40.17438768107938,-51.77815869115378
1.0651704871656638,34.623607696423846,-56.785007108976544
-11.659197071161199,12.533467808959912,-66.23280624264899
0.7384659438962062,43.158055671761,-35.86940115090248
2.7982113600097116,34.48563470489444,-54.827735007212645
-26.05954365582896,2.3319914698099278,-59.31450048804817
-19.794490696147196,25.757932777636437,-55.43891675866723
-22.939087370777177,30.355949011444697,-46.63746691879799
-2.0327581175317597,31.053263974769454,-54.71506405613719
-5.249284048075947,7.656476681576728,-66.9340904362433
-2.946085698804305,27.902307118447833,-54.27359024344991
10.37483842742741,7.698183463650607,-68.21765122709473
13.91468118257185,23.146879141444643,-63.557092080093696
6.197073538682192,20.892739289561057,-64.58089808396485
7.426510738561811,22.162216501935024,-63.3986682876764
19.49042727288609,26.80882585574062,-54.6096561429499
15.44977616723936,19.634401523401618,-59.81900206165854
-9.957567780246865,2.2321047555348246,-61.74896600917
-5.589237480963492,15.696255143395554,-59.99964828810606
-16.108292966168346,19.720869118904204,-57.834529139869495
0.1564092447092662,26.17197210394375,-55.16323245024406
18.549456274607035,7.822156904625473,-61.57451686082679
-12.215846237618514,7.976893849216859,-63.8271603525101
-26.693061713100356,1.7060921705495948,-57.10939515918502
10.518839888047246,-8.814994737692484,-67.88541897432017
-9.500584799147926,1.4337900472301364,-59.372999518879666
0.1513596287217176,-4.15349969210909,-64.87984310602957
14.437773372444926,-6.210460586708699,-66.96541473826684
-1.0566167964124382,-1.8151238032312236,-63.010393990470966
21.320170769538933,-32.27759984914453,-66.75479852353222
27.988115978973177,-35.13170346335902,-63.89472051326267
-3.483329385796809,-9.231851460930464,-64.68230713183753
9.880673096818613,70.49321011244244,-40.907312400413616
19.731647048279708,65.72916125695431,-48.14855029111331
9.342701979540875,14.584885872854935,-62.427045956695494
-15.843827606664089,14.762323146189992,-55.69277930955706
27.094714369800386,2.1211037764997966,-61.05279472467764
-17.892853683744384,20.445284580935425,-50.23294383126492
4.619403218807318,30.175681694005434,-51.35429463542423
-13.77074126086794,6.359812745007163,-61.017947256318024
4.606803520724096,25.120347639947894,-56.8421972728582
-4.736317104935566,1.1046967883149512,-65.29673678411059
7.406221198084175,-0.21092757797324957,-67.24678157581181
0.15728315101479318,15.873309820432432,-60.65578324020564
7.824193369256694,18.786194393863912,-60.321359846269125
4.5266678238684195,23.63604791704985,-57.31998344110355
5.613253840444631,20.44333394402612,-61.59767713094864
8.798176849199457,32.085885282096,-55.324707731507765
3.7386662320651975,19.336685093226244,-63.61507022798138
11.234227107723001,18.518502619800458,-62.37125979802045
16.244562689437547,27.753388822127512,-54.606701274829426
-4.839493907475706,18.589736191961926,-58.148229537034545
0.09270165108484996,17.01029722038086,-61.393753478066756
-3.2118720429355108,14.615572553186126,-61.53707723460558
6.69057674088311,25.269005704387613,-57.224701455486866
0.04975435661923022,15.61604749812937,-63.21694388403918
27.79168169703553,19.682504045372667,-58.62820893880741
1.2976499290631338,31.30680441782528,-51.07791216690856
-9.477842568028624,16.11808308315541,-58.25799658810038
7.259145117875823,27.742662197110768,-56.02583085388447
1.7328886145995206,28.86969367697337,-49.77903289385632
10.086522850471727,17.033654746105015,-62.97727349561458
9.858016943025763,15.299907706570608,-63.71962769608079
3.158856812440421,18.115406347834465,-62.67675854451465
-7.1026418682860335,13.584774571452161,-61.465270443848375
-1.3546673922050392,15.267260643971506,-63.967411989941596
2.4267360175701693,16.736272818941572,-63.04475826938901
31.112897722355743,5.317917559596811,-65.01824684058286
18.49022893577973,18.05614454220395,-64.56913089131099
22.801003788378615,29.537583742999686,-53.87566341703832
20.423586254945743,16.014902465037448,-63.46383988357183
-4.569847723044006,15.855866777368405,-59.62827039966814
7.577331149362275,24.30315039908966,-57.75821124144706
-0.11935458740067695,18.08544871650768,-61.732420850082995
-0.18476451890601453,24.15827370639429,-58.66978059436072
1.8008715980762933,24.65154108981774,-59.63114364569405
12.488887368927223,19.682681534524896,-63.27260380483843
13.919942298719302,33.878608860419035,-50.253362862541536
-4.653899155157436,-13.455614088553608,-61.526063962406326
-16.754104132111387,4.977113903437942,-56.75050461420382
16.215344984338007,23.526484132504798,-59.129446099545945
6.436439902438535,27.006608915462884,-55.59162727804264
4.814187184114564,26.699025642973233,-56.27412735863656
11.977547246471314,30.97835453048108,-54.498682043811286
15.55594040533984,23.43393228369489,-61.25628380479847
4.905484254182705,9.02728581017248,-67.03030497131108
-4.704103936213922,-8.32958958693378,-63.15553493234257
7.072724103754986,34.01763325885737,-49.7869879997283
1.2497676154847568,25.029858415781426,-57.383091634555306
23.441282055863528,18.026849437015642,-62.79148163564356
-11.766826263924532,12.055363422030103,-56.80450748767457
5.867936732029126,23.95478372981252,-57.44162863817389
-3.7635455827706306,15.792282152217478,-59.56412509241411
-2.6059355517189626,14.518348145210133,-61.758614083810244
8.523030766499286,25.418484221175547,-58.86157071170954
7.822286388782873,7.993711676436996,-67.47703344738237
2.268434014956039,31.61041889756376,-53.07502651105505
-1.4868126150479117,21.13010551552561,-60.40057477665629
-7.7552218515468745,20.075877641102583,-55.88461829398847
-3.675989202876181,26.11159929756973,-49.518254876260976
14.489987948573951,20.404956314074617,-59.855026548196086
-2.2669292458863985,7.530733547856567,-63.62373259389442
1.2745578278297902,14.296129026322177,-62.18768685032895
12.50724620021981,19.38514350467742,-61.633169625205255
-2.981751525106164,12.207013375550439,-63.72538143958874
-5.4587334494708735,23.034895852363803,-57.49232761403078
14.625965538154787,35.86362493660248,-50.65988997988069
-8.496699833692455,5.26101174925055,-63.87054088151601
10.214814791368177,7.9196020449175855,-67.36853680260386
-6.787545293287469,13.859875075372447,-60.6201734107406
14.71447158240942,29.62927045596379,-53.857860211495975
11.207959906569815,28.43188916083785,-54.104230033568356
1.8185089929201368,26.793225088567503,-55.0631219374106
-2.792395169865273,18.713740383702312,-60.73547820255418
5.584876550316472,25.55996721401977,-58.478541149898795
-4.908448416103175,22.24714383176194,-58.64710665218451
-0.02172354288281575,29.078151579514483,-54.705846722574876
12.357263407346382,27.75854145803185,-57.732547081695664
-18.537587410372716,12.414589465850145,-56.25808042910475
-16.806887386253194,21.696091049621096,-52.91932437819183
-0.9779635065243735,38.67026872433293,-42.00212018397358
14.220014084617906,28.853471679560073,-59.08339118874913
-1.9585489308096342,-2.2041876075537172,-65.85628391842629
1.3671610412457804,22.25530251410852,-58.171607282060826
3.817289922656335,20.251062852464162,-60.12950477753442
3.7287193551510835,25.03833200284883,-58.4508706774808
9.764676671931351,37.6598464371251,-52.65792605274818
12.36116708220548,34.294932277477365,-56.0859669443642
-16.41360586490348,31.9853961640747,-44.476732032071475
3.481495090615555,36.17946268481368,-46.28730923405824
-4.403104350144595,19.714682525253437,-57.89434343306215
1.3671557395187097,20.47324487691626,-56.67666593101275
10.932792316593595,19.985100238245657,-58.736102238125625
12.93340383266416,20.892718637814305,-59.74200634501004
9.127625642515039,17.42198638169734,-62.38730606741162
5.155303602614122,22.63804258804779,-58.590290973926884
3.2125716171707577,24.257947672600373,-57.33025048584216
9.376213596155111,20.690998568407398,-63.30057042442434
9.730391272461393,29.275606574570304,-58.20588815560766
29.50639862564537,-3.970038773220841,-64.8655886063821
8.662953128374753,33.65176213230806,-47.46548840560638
-4.416265471469757,-10.06246359844806,-63.62532707262433
-2.918994325910873,-3.0597875851079057,-65.45030264746424
16.991685780470664,16.97147733158683,-61.72351916348068
9.663399916003993,20.735384022187837,-58.071224456026606
1.1871100590671997,6.227219774410033,-65.1501231968272
10.761658655722396,16.836095819769625,-61.45267498471583
0.007572055689344381,15.493576809792984,-61.32708649847547
8.736542838849068,19.863156812085673,-61.37165191102044
3.7091959853715295,18.13284406586589,-62.859979898840265
0.4662300447431207,22.395635019717375,-60.10081468049534
17.946404493641698,17.76249490438439,-63.57803967185212
-8.40613021845725,22.426175595337074,-51.038405295685614
15.942951365339974,35.23952748138614,-47.45427030568271
17.74147259070641,10.613618064874336,-67.41961272084849
11.366736928312815,22.094185657867204,-60.77599064360458
16.388074868417053,18.842043966007168,-61.21341371674418
6.578735558518181,14.08140099719372,-62.82669884090095
4.4590977486826,17.56424570749157,-60.38648598993178
9.435521454274438,18.887743274071617,-60.621171852975515
8.761049108587041,31.158869427939734,-55.566899630362364
17.057935577413197,27.216049958464865,-58.71093202642621
9.3692524184943,23.10037477702805,-62.09439807594161
24.753456506724408,34.64311136522392,-47.40386603331274
8.323281568545614,22.278661685104176,-60.39327829973571
21.053156271641434,26.386920922386665,-55.82928176562675
13.982211938042024,17.268141785427645,-60.24052342661773
-0.2115365942353229,7.3071425356932505,-67.72374119678403
9.211953008108441,25.418573060295596,-58.662748688987946
-9.53837556125193,17.254545364145827,-59.286534249276876
-1.2876213412619055,29.13095907206773,-52.5131761034639
5.674285560108318,14.481001230989975,-63.52812621242095
-4.916243286448218,21.73010841300309,-60.19219954047713
-8.250132258520992,17.604217738493873,-59.78337026363879
-3.2305313865506484,-12.368378271779886,-64.79946988517818
16.39253120664911,21.838480362657503,-58.01345197317103
1.966975763318775,21.907263675469185,-58.95267101413912
-7.063057202508459,17.437997393019465,-60.18384400891419
-0.5166049220535243,19.235295219041152,-61.3140981220777
5.188409923394631,22.636266809621606,-60.35104876726409
8.928256961589025,31.946120003226856,-54.498660069183984
16.139100735992166,33.07652130979739,-52.29998818573162
0.17498623341760045,27.887998611347722,-51.9157337184502
6.671041246125935,13.250772027796776,-64.78860564249077
2.0761727953694464,7.832400547847071,-65.06866855269772
18.739583499539982,15.207819784096202,-61.63037710254211
-5.073597595257803,20.693679390621863,-60.089318692852984
-4.244526569904631,15.619449812562761,-63.40320363785234
3.0776850735419474,24.334959624058015,-59.609659583548314
-5.937900740998053,14.153609119243768,-63.55062338456183
2.117971363834344,21.377040781638517,-61.782408402959916
0.06060630010721191,27.69976586753895,-57.03285534400783
23.743829911510595,11.054860687600947,-64.26041195163707
24.615266271699628,35.811242064922006,-46.48691490488772
0.693969943362335,33.34716099670402,-48.24277738748052
45.21651430447402,8.216353210568013,-50.14837111697956
-4.2346470510625025,-10.177959169736564,-64.00937182516337
-6.054034502765786,12.581996986545342,-62.726393620730775
6.235751976694443,15.336474793814347,-64.32756123865602
8.23053033576531,22.140200497924315,-60.11277126601301
15.857450687734623,17.829069660450912,-62.03440152799081
0.12790056315583165,20.514586350509934,-59.8252429679401
-6.2703751925176405,16.53366587551815,-60.781379901878
2.163109026723432,26.336467601675388,-56.78262863844932
-2.62805077581646,21.746387577256844,-61.25462738013917
4.460511277694022,17.159394490338567,-64.5330383431507
23.674565409093137,25.594280910427337,-56.688756470608354
12.045176239966896,34.11576526757226,-53.70577688958691
2.5150884032962644,18.291537829783476,-64.76033346862592
7.484105496234452,26.22615571321704,-60.56814474387811
2.1587372280207404,15.841274436002909,-64.47561266081325
28.457871255917425,7.892400607919994,-64.89691367120909
-6.323054835374082,22.028436635906154,-55.093698107540014
17.079378211823943,34.7908081115025,-47.42445925861465
-10.794046089246738,17.54021384018073,-57.22614283219069
10.74605920436602,28.557711401039477,-57.360710086316274
-2.202404556534118,28.553769245587855,-54.801279255729284
-10.854835478535815,21.08580275013459,-57.453989844765005
0.5779325836994937,26.577520526850893,-57.509501005080985
9.077875023005426,20.474741567413716,-60.87265748612049
5.284462736481304,26.70912951830159,-55.51016550888509
10.341397327492324,25.501495742695674,-57.8095198694401
2.738657584122544,28.585461034685594,-57.21283011219858
12.711812184722936,37.3750353422454,-48.61811757929226
0.6403669822345215,33.07974286321343,-50.51351817241404
9.969446080629753,37.04906331115574,-45.95242871262003
25.868055683624366,34.31409706849706,-46.39775200419919
1.2402254022707808,33.488419946718004,-45.956133328310194
-0.9867975438740011,20.838729658342512,-59.56915892832217
11.40278210214841,14.211986060730242,-64.9765639626116
7.8540327924028865,25.161281674204716,-56.58275968736264
3.4035188118253616,19.753914542831374,-59.472027096755085
-4.498460004279199,16.006655525629938,-59.813316278302096
46.18641674372669,14.535305842287961,-22.462998517473626
4.351497746881357,26.27103676560548,-56.143722724092505
4.765737137013207,27.84488843750424,-55.828309504621124
-4.934570638201826,27.208311158282633,-55.74805067164985
12.068718431922829,36.95967563768653,-49.77738135252431
-9.694445530747608,32.63068757104364,-45.89234892372767
-11.161021921443048,9.997375276201762,-62.819896413941436
4.418233909507991,36.073878304712395,-52.092031810520574
1.6098450839197156,30.524625436249405,-56.54500488839654
15.435362844439679,24.289315590179562,-61.55276700887152
-10.290280319682033,8.407637011850099,-62.044605756300214
-1.6057668537379364,19.71001444348774,-59.27450692092634
1.9141235861396089,25.06260821851465,-56.66709009901817
5.159618695056539,18.264767337131484,-62.67742002003736
25.638869367926937,39.830411547109705,-43.0620839563912
5.961396447414363,29.722049150183235,-56.11046056021349
5.297166698703207,15.531540667222982,-65.00081508263574
5.850999409810788,25.538625355787776,-60.19088528133523
8.324859388143889,25.30563297456017,-59.97491036857829
1.326445243255998,33.876422139496334,-49.56262155544681
-9.689065077417041,14.385675340180178,-60.84940915670364
-2.0483841308796578,-0.34308913796763196,-66.2539688495096
20.832509586751588,13.344819711092978,-66.13938547263078
14.597694267935987,-3.2687648021705353,-68.10682430920275
14.195326552538438,30.135082279408856,-59.71257214161426
49.11815268141828,16.49844015921431,-51.01672506879437
17.645955262659868,31.20113503641375,-55.93392596559032
-2.5531982080957683,2.1071848545819014,-65.68844178659273
12.0273960276262,25.343086228060525,-60.328692795760325
-4.565879001576754,29.44013809014477,-58.37292573017071
7.18623376071729,27.355427258096093,-63.5934237176207
4.130477520669023,34.066122708532575,-57.86195963190041
13.33965221982803,17.644503147883093,-66.70341865468858
-1.7928029249114488,35.33308571844853,-51.65692156569227
21.611774610786576,42.195404913334016,-50.39198785251761
4.32299460666362,29.68719807348996,-60.65647108970564
20.767937874817235,19.265341817519566,-68.06515540664485
7.197469929407347,17.82212485412719,-66.51220127094707
20.516593280990712,6.0090719710290035,-69.1854809610176
9.658289157324706,36.92173198001699,-49.43356426312275
0.07371178550672752,27.261309368448707,-56.47403331851711
8.456708528068823,21.414553595427257,-62.9317172625664
11.9026535399395,24.54243079092818,-60.51958243997934
4.273909950803926,23.532824820525267,-59.13287733959681
15.154071419991395,25.14303958620369,-60.35144494590997
11.245729506572708,27.062265090001556,-58.34032542384104
-6.58208845213634,22.264326624513785,-59.07075662283653
13.083523324120263,39.700217229410086,-47.65391381724418
15.164223268009483,17.003027009146372,-67.56263829233238
12.224878926046847,39.8914978412031,-47.339121534651774
36.87494643098104,39.01143126431725,-48.60798929084214
26.88072611100109,31.849205486023138,-50.944126102921025
5.725533157374832,23.152041235243104,-59.15486317314245
1.576217432729301,21.748920059959698,-58.386242022978095
14.823120398587601,23.420846953147,-58.897006988263534
7.650367124234304,28.50548721289026,-58.26451122898207
12.052163691921026,27.885676167644156,-59.50347532663141
7.506796132316891,19.846858910917565,-65.20359343343831
-8.790679457434553,15.39590708805047,-62.881798535679785
-8.25897533024693,26.685508727916528,-54.97466245119824
-13.658944969834405,19.409602676032204,-56.5402872471831
11.348253616775217,5.390051524942113,-68.9150975762326
4.516090117599674,19.026541169992687,-65.50013437227739
22.1899946719948,1.7948321693747018,-68.75621946432486
-0.47035983322663455,27.59191949946976,-54.36287301146793
2.4787696024231316,4.305083300156872,-66.91282099918821
1.7630138785016207,15.498292918456983,-63.13042917812074
7.647886726008663,22.4949390294,-59.851841367079146
9.768734130637288,20.154100820430763,-61.23491030044038
-13.730727009310206,25.577396746348132,-46.86854241544229
-3.8924558189604443,24.945874983369162,-55.827087847109986
-13.401406784848177,26.376128795017966,-52.97282710323116
-14.231085720175253,21.969678683057904,-55.519838784789215
-4.446396277975991,36.37161659905832,-45.25909831571938
20.971186174538403,23.381347767734855,-61.48684832735121
11.279250425532823,37.06385992497159,-50.65063775008884
-0.36740317271218004,25.422031242682433,-59.28617550237284
3.8029025158516063,35.8897532344157,-44.94673259319811
10.474630534787469,33.65418107814489,-47.39534170862452
-2.274628872722447,16.566085800696957,-61.48939101175248
11.751682462460563,29.450331321990166,-52.84892406623053
-3.8956603319436436,21.15387067277615,-56.83220823704358
5.229088364725764,20.096726466743476,-61.24185886507212
7.405147509868142,28.12917336490216,-54.83590142425068
7.22559538111345,25.23012872335247,-57.69655384850853
1.5864980038310659,26.550081344050156,-56.0262616452658
11.962267018415103,26.590029647306324,-57.812441651759585
8.805390286136769,30.374046413616366,-55.69106830964017
11.538592392965136,32.69567480570318,-55.486668591748796
26.050484789232915,44.2104666313266,-30.07743384188207
25.545703608641855,31.426010394373783,-57.13749702119684
-1.4874620732837407,9.48393770615083,-65.19486879159996
9.187060536833378,29.23072220311409,-57.69050677982325
7.858920736790363,22.897526219209134,-62.03303714506441
1.5654065407518942,25.044515991959518,-56.62004242789566
15.84484154924961,31.284624365495873,-52.77481042457713
-2.8786271131612686,18.569406394167082,-59.5635985086084
4.096179375833845,23.971588369220868,-57.629564188411756
5.159834526383157,24.563946235219376,-56.10762726272921
4.207239036282385,23.20805167582746,-56.80132516394474
-6.31609813289122,12.086291404602433,-61.214308199672196
0.03398716145976799,24.886277387748713,-57.77491930858073
-12.587096017432026,16.271040632969793,-59.6897838722069
4.956257525248462,24.60474978270123,-61.53403350915027
2.424628724184384,1.175307180718539,-67.16221540643959
0.9033879977062327,-7.150768381051918,-66.71489874482832
-2.575264833529472,13.054623539761355,-62.29333240165092
-2.8152338595736435,20.31145306929412,-57.14977805267575
0.7284840631951042,18.10380878586189,-60.823838966861096
1.4325973548029527,22.98002559946876,-58.8564857335349
-6.806947827463439,21.441492897284277,-59.21843620102757
3.7060887924896297,14.748691265563435,-64.89580575700282
-17.665633195855044,15.56069745050206,-57.97513918370036
-17.499215053420556,17.235717481706214,-57.613427761327344
10.668823217673397,30.599346658728976,-59.712098905396964
13.496207851832171,12.3640947320221,-67.7638899027477
7.142301323536024,23.968913835171048,-63.20358680108429
5.515952163184666,33.00856556782263,-50.75111250330349
1.0630941253150876,20.669991899124856,-59.59736407170222
-6.25822982611114,10.555368350653978,-63.31638693834801
-5.378770050017138,21.62998267777882,-58.02882568134816
-7.07956502265025,6.414527772141916,-64.62366402399624
7.8015769417316445,21.884174900322083,-62.34330168748631
4.822825269495551,23.371147761198255,-59.5561377862951
12.492178589397732,4.455466843546288,-67.85938502214505
6.392332756654792,32.64690059546874,-43.2780297641087
23.208161371083033,27.47675095185557,-49.81810410699848
-3.666412299291739,17.97305794273384,-58.10447341685792
-3.693285846029683,20.390256184558034,-57.515746383810686
-3.414789564626558,19.99563711033659,-59.33986850088802
18.671479941989325,28.833587794461682,-60.031821023604536
11.3364897591445,28.44784624110974,-57.2914958634407
-5.595251280371116,25.690819194669192,-56.29511909571751
17.835590431869054,32.371972830060216,-56.0642334919277
21.95200303890739,35.44834475436743,-49.965246966601946
3.7819250104427873,23.2875657654045,-57.43522262083822
10.99001717734929,21.80491126901014,-59.55502566775144
14.771981932304453,19.694080626501822,-60.438306457136115
3.359434575602366,16.53280322856643,-62.38012815390092
7.34978927832593,28.936466249506278,-55.597627961773476
12.478457346855349,24.300769063928215,-60.36790675524344
2.6008905647377407,24.603661660204715,-60.938895170240194
3.1916071213748474,31.970888519970714,-54.88235746262293
24.390690581839223,39.358397590003996,-48.30670794606679
20.356755733395318,21.55315492943418,-64.16988289959383
35.18776777970784,31.97846417476657,-47.77836190248108
3.997178398846451,25.120353286043596,-56.89374464866741
5.901462552420446,23.855569565940733,-58.49337276674191
8.640763860418666,23.594920594216056,-59.29719363320237
7.792423613901797,26.59767614269653,-59.96982055169712
6.0817145427422865,28.271046893279443,-58.66355618603053
-4.318946596012937,29.08620957159016,-52.21706474489254
12.536990186250156,42.11920586729751,-37.80077331134155
6.526018741822963,23.879876537741207,-59.689163146602965
5.671014471591038,28.46927978161256,-55.53553253749905
7.515967521100564,31.38519793394436,-56.85498528297614
17.884740755831906,29.110375541339902,-56.57593895972523
-2.905951448044412,28.082158302588827,-57.16064721270359
14.76573242087014,33.21047194944088,-55.12338265030215
17.219039464790644,27.150845310323145,-62.356049815323836
15.255390867243598,4.920530476721261,-68.28347077903877
17.118667434281907,40.03935112114105,-47.47937870765942
5.0785179813979795,5.772898598613712,-67.58614771416255
20.986504956875763,15.80984296037042,-65.58103237701103
16.28695228572813,22.63956397632819,-62.45433281885998
13.385394765372524,15.267852274384154,-64.73422795270423
10.798674883485283,16.60855257329054,-63.981381933585624
6.535162542133377,21.76428237071759,-60.212076625297925
48.542188710127874,18.77447527391472,-28.89645278229047
11.949994010339397,26.52797851917538,-58.77253276717221
2.132672403382525,34.788394533081416,-53.23178471915004
27.83311572817434,39.82910365359946,-45.964110869587834
16.66487920971071,26.606534515731397,-61.29176192494987
6.441437255920285,26.971038517434614,-57.511705959964765
21.947506542347856,31.98032511263872,-51.9947605461192
17.10715291711098,23.273928508560054,-59.76463056059955
9.603098188279755,22.905543517506437,-58.28614549847917
14.110580242367218,19.8601695429912,-60.63706799929438
15.049234186309885,33.04584268470961,-54.28300928416249
13.191107623274076,34.3429240604503,-55.43815973252776
5.145636744041489,24.3795439689473,-62.77680605636548
31.013929220040794,21.424589858484715,-60.49329420284245
-2.6233499246879166,30.006513012923023,-53.917822827979315
-4.261437262853722,5.5167229371144675,-65.68601093619783
-8.980443870991104,10.911102937525937,-61.103475836001834
8.705093388156367,23.61406246612327,-59.07261978471641
4.030561444753637,21.87244340800256,-59.29524311155315
7.917907551033169,20.86150778432716,-61.09375664573785
4.8216728510304465,23.343646746210485,-59.89466201182532
3.9750706590704876,25.370938272825203,-58.63359171998352
3.6047177570116062,24.226376243400193,-60.68517525978042
-3.8167274733537493,31.632308160097573,-50.286584156173
1.7927701811224672,20.99397303273247,-62.996666565287995
1.3828006437546208,8.411298106759753,-67.12055368766819
1.5823099478942009,14.260132593918778,-65.04607354915763
12.977943137165234,-6.922930936676918,-68.42532265646129
5.8377142529674995,26.048531132645877,-57.675347655040575
-2.258612416373662,19.566486259796303,-59.36535250472329
8.280006781173567,24.13463922155728,-59.36601514539815
12.323088200287632,30.799214944545167,-51.95499642656774
7.261328226985019,17.219867759127606,-62.472760886394205
-0.5155664193386507,25.437042595655683,-55.1740175466047
3.7844955721943467,19.38975677208974,-62.335131730874224
15.773939018966683,22.613174362958137,-60.231970886820235
12.731102041096431,31.874135389356038,-55.1565919756633
9.045829069253053,29.856296293878778,-57.16682173916428
33.784622648576736,-4.313458155715976,-60.850770117456456
6.126223994373872,24.558616301463175,-60.19268889495238
-7.651677646605188,22.807664420953095,-55.03896184365807
31.412750067783527,15.451923142214637,-60.26973593546729
18.492088570852587,16.23799719284329,-63.01874380810299
-6.203446271313627,14.625782607906192,-59.694636587561824
2.532568022605904,17.697496092279113,-60.94678745260838
0.7154999925374312,12.62433035506048,-63.31485728931357
-4.414617642930828,16.03630107160159,-59.21690379381225
-2.0120463222269365,13.60031598571081,-62.4325870326419
5.734149444769842,30.05584523712176,-52.39982893666279
9.535887960997407,20.044401914237664,-63.593849736425426
7.816712831731596,-6.711111260630288,-66.8950835438775
27.808797008357303,36.39394375296925,-48.8530678073411
22.672466032981294,40.056715044466095,-45.16127494449896
13.019171878077003,27.43933706517746,-61.3515295654385
23.854247782854507,44.20457647007697,-35.56060103317585
13.95655459007101,40.62205257953322,-39.469407711550694
-5.897028084927289,19.396553786512325,-58.022947965534826
15.886664089572914,17.6028961550356,-61.41871359833553
7.269067496316799,21.987368622820885,-59.58627028835658
1.0494242155549713,25.690198631876207,-58.24435587332927
-0.5283410425103501,11.411896900152243,-66.20826932746053
12.41672636242065,20.700272168875152,-64.57417788993106
23.52650097760055,22.789470397698302,-57.56786971101393
-9.787557215396705,5.724503208270683,-61.37342114106427
15.279915669323623,29.18385910062372,-53.612573649726116
-0.8361312368413785,21.71072835018103,-58.745819780883586
-2.9992173320791586,18.122641601070722,-61.96783722482113
15.779928519145656,17.895260377121264,-64.58114236408407
-1.65811107915831,8.291521426785135,-66.08355371463702
6.690273239650409,15.963688779592779,-66.0967447841514
11.065159837457115,33.494382466756825,-56.162599196435906
15.076751789334143,29.23222904123974,-59.79265760384934
22.245098916706386,5.415404346957629,-66.49378964196502
3.9787583064341003,22.023058828601215,-59.430312773488495
0.03334623141905091,17.507928929143876,-61.713086184510644
5.945184557820596,31.035564181690237,-54.25351217836742
3.414359476771251,26.94560709455906,-59.910297291813706
8.471019324412735,38.272687465632856,-51.30264761699321
-18.572153255009002,15.524311599496286,-54.87417592575538
-0.4120526688979922,24.42680791658823,-62.62617015731573
5.749699442557109,36.22849977137422,-52.573344971781694
19.87024205567211,33.45011134621508,-56.33086077949058
14.053316113558346,12.786863502864552,-67.54189037520045
16.51625475258708,37.207336649233376,-46.62326163755184
3.6724856426063948,0.2714204660193128,-67.68714917044835
30.054504315589767,28.7886798205086,-51.187067433272695
14.073688044985827,14.354770184622787,-65.48590091420913
19.580459549822507,4.702424324097898,-66.65780461056471
23.288141125431455,37.86835681226987,-49.473528420638445
11.773785449492745,43.91418055410675,-40.35242010353604
10.80236289681873,37.306650418032156,-53.54392933486413
7.542506891162702,30.080031647992303,-59.61556291115429
25.863519240280183,30.458434416293414,-58.703961018161046
6.2771443286412385,29.225407141707937,-56.66168043804518
2.0824714579132397,32.42735347581004,-46.81322315446404
14.911017744823031,14.786281540692302,-66.09914046752952
17.89798521249207,24.672973766220004,-59.37141697882832
18.924851864887945,32.07912431227777,-54.23658133065734
13.371885062200874,36.47869574326768,-51.0838405461183
6.983118711854088,32.712808641467355,-56.33802851650298
-1.7888784727102447,7.752923213543952,-66.28171845558093
12.771931559068461,23.619272437867686,-64.86541622194375
20.929319327242304,40.16633020818761,-52.370862236145456
20.591223925032708,32.24802092490917,-60.4790223342447
18.515435046453003,34.957501674711764,-58.104647140705
9.385159703093759,27.37418916734313,-59.03765483376996
16.916762696759587,30.214814373875107,-55.956979894538605
14.566519468071625,12.474126718792997,-66.89949434312068
10.481097486126984,20.734210888238483,-62.00358768719605
-1.9317496951460615,10.890202082825159,-64.75166748047512
-6.569745043191029,2.5230023789593616,-64.56805248031071
10.93879861390911,27.273944110408966,-63.783209067314786
12.690092009704507,37.284866312558464,-56.33774671655004
1.170810997831314,33.502029425755424,-56.103949620577275
13.410522903805242,32.62568691069352,-59.54085169356725
15.717794270961779,32.274624494423904,-54.9136964734076
34.539784364121516,16.336284664378706,-60.3011350058458
4.367914071526538,22.435674684906758,-61.130901150206356
16.224114854045556,23.042387687522975,-61.72048769544316
2.4552532004559495,36.20724418700683,-47.26602228514321
4.541166508918046,33.54213184479054,-54.476100690003996
-9.127041514033376,20.791767868789904,-60.233238218948884
26.630033719008242,41.678942271783804,-45.0689270244708
-0.807264540001011,31.186523042768663,-59.2868597777664
10.5862097619924,33.44597377330693,-60.00114131793097
16.503050597938802,32.323051904396266,-60.265293357452286
10.487045707720725,32.74263690914414,-59.96101117350252
29.56857881366105,45.8770943281504,-46.804963664032016
15.470623170310912,18.491857130930416,-66.46043926152144
-4.23392684197975,19.754010220747887,-61.96395034456155
9.836163115951127,10.565126304213514,-67.9534927329651
9.929572800092158,35.25648867633278,-53.36459773716165
11.247488509457625,28.702917478134196,-59.31239217067394
-12.569096044304889,10.60601111174564,-60.500008894560615
16.972022112218973,35.22638273008365,-53.424236832272044
-12.808101458026405,8.348307028080715,-61.58240425827668
19.130125925409573,48.89182033868003,-28.471991632330905
20.023203037677995,43.625264882910514,-50.68651693082752
4.146255504595258,39.960472424032574,-53.129309858850945
5.706254350131019,41.30184007443924,-49.797818367010834
15.77888949099084,37.44183187860372,-58.05832983639758
0.3175958617672201,18.166167584280128,-65.39559585729563
2.4884819989081297,35.780220030845854,-50.32715291811738
34.72188903105918,33.305734466094165,-48.72311958144307
-1.7549013437501575,3.745825996285279,-66.08341112732887
-7.028894699777915,30.29334283298914,-48.58412477550379
-4.405246729253356,17.588028691153497,-63.23956542332452
3.526391601632774,29.99797616633937,-59.123686377837615
16.13823567229213,48.26223675407731,-39.1293776951654
7.926921686675589,20.419745345412444,-67.05625098710377
26.374865894395683,41.023714757752444,-50.58292008204416
25.409015221917265,33.56545886775646,-57.71930491041933
16.7583232200544,31.740724232064558,-60.142664155380785
3.4207265532739157,33.286145832211815,-53.62146904382628
9.300567445878336,34.9585121133894,-53.42312440899457
11.4162164105911,35.91141033847027,-50.50454067031555
26.093900103322447,36.71012414927935,-48.42784606589357
-2.2173339323660617,21.91482588340961,-59.06000133328392
16.152510532366374,24.45264855687148,-60.81026144771734
-10.625762439801184,28.820205509114544,-47.01722672713102
-0.6449007337264696,14.120516784280657,-65.66437499934518
2.665831187122583,32.03269468016997,-58.101886059949635
3.5296893834660956,44.2999900434958,-42.57987389704501
0.28828713417549423,28.287323086087042,-61.50076506991277
26.449379852564135,43.48059928083407,-47.827525670738815
13.080364341629604,34.32982619302151,-59.293070593436305
0.6428185710236782,22.147124037676083,-63.541655099784045
-0.5867742825485536,28.45724034461029,-56.327851479060385
31.77253775480832,20.25365969786793,-61.4123215533949
13.66011680134694,9.022504700165628,-68.19648200953857
1.589665547960335,30.709214562344037,-50.757653854062156
20.77066642893899,36.32137466768389,-47.04195713846148
4.36334327223307,31.530904086753328,-55.417959089135444
13.573447082937678,32.163636075787764,-58.33785134661309
8.129833822717249,39.90588498912116,-46.03676554945109
20.7275963820267,38.23316776319154,-51.823231984948904
3.6182746618045485,23.710965162287348,-61.66425828226282
14.570887933235431,28.993614029209397,-54.843471341549076
6.257610310778544,21.88437823068389,-60.263180995454256
4.6586290997144495,20.770619990109157,-61.68898370409679
18.842969443279657,35.04660505825811,-50.66453406722592
7.643623103479197,22.90974269108271,-63.47997909195245
7.771008355125725,39.99278918553728,-48.53127631699429
3.7365848635993277,34.1301769374334,-56.30343738976166
6.586123246311752,33.047451597922716,-54.84699744657851
15.081567756908989,30.32265249471939,-57.83211873615113
-7.059153342339876,9.597368299376237,-61.99883509907435
13.085771317758981,-14.04668070888874,-66.08182688790237
18.03399537403459,7.48729847528408,-66.57742470187497
11.801177290094795,21.114405051087445,-62.20203362584893
12.914998261721536,20.691430893619042,-62.53476902237838
4.7061533406424765,16.08352907642564,-64.43963038204423
23.454456418883655,41.85069238843112,-40.08125528304889
-0.330532568284589,33.077195499633035,-52.40519325091139
26.507888910430616,21.667602450277023,-64.6469797874861
15.329852839099015,25.505557432601428,-63.139753824073026
16.938049546599125,23.774791769225086,-58.10188118050464
13.651470137426035,13.652106096091506,-64.59742709076212
16.299759972054243,25.578993602168378,-58.23186539725428
5.685633716929907,24.119458056973112,-66.51146914281487
15.702042667352682,31.640248852951718,-59.54044765748201
23.585168592105585,17.94165125546177,-66.49655152696381
17.62482201791076,29.46227442845526,-55.50811390565765
35.334389021850896,29.44974946610699,-49.31536463110064
21.976547131162828,-14.789950068734772,-65.6596960981923
24.721608777164903,16.67907217277132,-64.02670380210724
16.130692080676585,35.01828912951637,-51.74532491706008
18.246898557178344,28.311020447275602,-60.41841639394793
8.55856256822688,25.399512506948653,-61.628805047494296
24.823578985397432,15.498334200209221,-65.14168202306554
5.213032633666058,28.626059286731902,-57.298973777268586
22.40408804465448,25.1697850821756,-61.06951285588859
8.25650460389741,29.616676844985395,-56.56925199688215
-9.61012905720026,20.389653337306246,-50.01074620993479
2.416724802527826,13.951642232344343,-63.10112792254618
12.156266314038326,24.83734236324607,-56.41271677636029
16.112173441638546,8.908602648554773,-66.4665179804998
3.9997460386590102,35.519190791749416,-46.77511078711679
30.006026208147347,-7.1605922605311365,-63.705017342718364
-3.0683037576063334,32.14927982699485,-49.8036611883076
7.16166433133481,32.71542832077659,-54.95987428346715
19.413666739339558,27.189919415574273,-60.30052524160253
8.886494620536348,29.2587322663667,-58.25939987549426
10.20007570309003,32.47929978166204,-54.48715830344766
10.391042076990043,26.937971304078637,-59.70605747745174
-4.739169013983425,12.030982644941314,-63.111975478877795
2.2271507549194247,-2.857928839590649,-67.07986554440066
4.408279944987843,25.67096539028552,-57.57187558996049
-3.172542434341672,23.100454763263237,-57.927109899080875
5.887993149363286,19.727776763658447,-66.98028232610416
2.2073469991555292,29.568137416708048,-57.22462275872566
21.345472348566865,28.24568162148575,-64.45519824328765
37.73982078571931,39.18758771736049,-47.59851936143436
33.46801175496225,41.54137410390199,-39.68738859134625
22.358732103496063,30.754129858031906,-57.29013911651325
-0.1438618131243672,28.772502956649394,-52.206237833262364
13.622970510910218,20.563045509558158,-60.0560671812255
17.041767387856737,19.426181207482458,-59.77834947316101
11.832509056561257,19.124085086857775,-59.71753246685655
5.740093479948801,23.84330529377014,-55.84784400702371
8.564731969479297,32.81290149268369,-56.59164130358227
13.247206055366226,35.63737511734127,-56.29322410771414
8.939937635897069,10.827703903185853,-68.68987092481623
19.341028624246178,30.219233926582056,-59.864795458357925
12.594593623548162,16.8419069001921,-66.65704284161616
21.078491421219226,32.17030174045556,-54.78386555479221
7.919820820087702,32.19708119640411,-52.724996954370376
17.776944269140213,16.419855841654506,-65.03481149252463
12.543800991195909,33.94028704739525,-52.98075275120619
22.10566236566463,31.266653485820182,-56.31993875359499
12.277570630788333,27.728901341635027,-61.71566589950597
14.230561296607494,37.98179437126424,-53.444511878649486
18.01551720312732,23.84985626776379,-64.31307072764257
31.500299726194946,44.798083271897525,-37.80792543981337
2.0355233516062476,27.740420234662327,-59.59740165545001
28.922655270548304,3.301648659133754,-68.12954349341125
25.878440802448154,19.98572689584814,-66.82817113540943
22.251855666091252,45.414887887294206,-42.82783337667692
6.785439595640085,28.31254326899939,-58.50110617832657
-3.0427969022016157,14.514503649194292,-63.51401883250849
5.518128099430953,28.838887037312467,-57.571559191487246
-4.617631308565585,9.100116676582049,-65.29831276625029
22.360543463038763,45.20880842691632,-41.15641038799871
21.872085579747814,32.513331418955396,-56.89011350825147
24.073765657220992,32.39767970585664,-53.86276674594225
8.593788760156206,28.186114511863476,-57.313295384462485
18.570656970038556,30.935133762610317,-55.829633160221356
12.554992506167581,31.700863578610136,-54.502515055429676
14.910677304260199,28.121184808378082,-57.921156344125485
6.049312682611134,35.51755549665687,-49.72423089207265
-6.707520312829496,33.10721287841907,-50.92071798176625
-6.615758385387975,36.213852478401684,-40.46106122313901
3.595261236955192,29.898453708701737,-57.5662545186217
12.549506214150629,31.022917802386413,-57.5565807689659
8.68313320411392,23.63522658160961,-62.22252735217524
15.387060585657837,32.86008135895612,-52.56139027019989
10.79692009826176,30.371383927746503,-55.48986253099492
3.009209592274143,22.18783841233727,-60.68232751998683
5.538509137661251,23.739500152593394,-61.65247502143505
16.73392682492291,47.315163713103765,-36.815667840558696
6.542631356541097,37.605958787369595,-52.785294069793665
16.574531131307506,44.8103099971289,-39.013460412420905
-1.3477769477744879,19.09127346545221,-62.756593283995734
7.466533741574535,22.99747322932783,-63.9230364551266
18.785695530590534,34.446230208901866,-53.79459266420454
45.376500541431625,31.636528461457857,-45.08419984893554
14.42866742823095,21.846429258585967,-63.10870543994978
14.836463414568618,28.283444545501823,-57.42853411794917
5.03258891426824,30.339223984668326,-52.77996373369706
4.515363963084043,29.04449695252526,-54.09242893436356
8.870774988046307,26.584705569484655,-58.423279998923164
12.880771629014285,24.113830181565582,-61.23028608356732
-1.4174916073213772,37.63210055705227,-48.63200461964473
10.704927523155401,20.866481157867604,-64.64764286496236
7.553569661325911,23.516044547514028,-60.95353727594869
3.0860694504034143,26.060006148172974,-57.03920181917552
12.186817784376856,30.009182899466545,-53.778861030298714
25.962102015620594,24.8737816154618,-57.40626056978081
10.564211778595421,19.44003010037339,-63.23230371048374
9.287751104419403,30.06572105407444,-56.56843513030982
2.460713840415133,28.036422611335304,-61.72378946533292
9.404631495325283,34.497400362978695,-58.378954928882735
0.3771959188177654,13.271380756918855,-66.83233083828235
21.471776609196244,42.409137022112525,-46.90314383888354
20.239919735137782,35.376166633832106,-51.65318999393682
10.357957181462249,30.174236306713357,-55.14840161601328
6.474415614164988,30.05969444593706,-55.63784204470401
10.421081935601505,31.27575726765147,-59.23360939712781
4.24553141070351,18.242526864931147,-63.77819526699097
9.106426830381952,29.37656810312054,-57.721541390686106
14.596852608799473,0.46868238757349,-68.12491907773806
0.8558305384268063,7.924647654601006,-67.04355883463792
53.400870444397356,7.748389381116775,-44.27953212527504
-1.4261079164588644,29.84902491501561,-54.890239391225215
38.11094152361116,29.424326907011306,-51.73398325059247
18.348653400646974,22.28694017641876,-60.676602954345476
12.408711770991658,13.78167042016548,-64.31755355141604
9.897851476453102,23.30340771148185,-58.52781230509544
6.359166139970464,27.967040039157173,-55.59206274850466
8.217109490716279,25.21258819185318,-60.02307303949881
-2.9595951479433733,22.163260359915785,-61.09940657688548
-8.602942741982874,25.472730339290546,-54.13503849321495
13.77326743861817,25.01002858915544,-62.18360152674271
17.757008533040093,27.65505611474813,-59.126110631462275
1.4500191112070446,14.50053948285478,-64.0551901468333
8.616315664734039,11.128164448043671,-66.39762140282892
15.950078457955785,20.089297374858145,-62.46302861065876
21.065028693634456,21.06607253982468,-61.690131947526794
10.212196108634238,18.73377850577812,-63.54156992727144
17.200430774430917,23.93909860287565,-60.844150735105735
3.095010735815544,15.908460879643751,-64.86719164519738
16.842655651513585,33.61731229773226,-59.559870168340595
11.076708761229096,13.944556565370618,-68.21674819679475
11.92944616751482,21.878999919943816,-60.23620356139041
8.393084375611478,11.085116788148985,-65.76078203653094
11.91807055099385,17.242996572637164,-63.765708059093306
-15.339647996471422,14.194332535032745,-54.3013147940933
24.53098100346772,-14.62427139097938,-63.69026117925519
1.645197503395412,10.194368468538993,-64.42160366261992
5.176651094767202,-4.629274050031175,-66.9437126439601
13.47087693137622,10.612401821772695,-67.82311658529322
-5.936755476425738,24.74925884914821,-51.29373305044208
5.335576399388961,10.563813016904563,-66.13852023533919
10.40197457450049,22.66853403648788,-62.75403746507495
16.54553173358655,18.094260542450428,-65.45802283234624
13.426629093008884,27.597775800527995,-57.734842907314444
14.252027034610002,28.933883711709427,-56.51554782480792
7.909041735137791,24.34976245811532,-60.85896949348484
17.592530333174757,23.70035756272513,-61.524931207285185
21.037749789080518,17.812676735750777,-64.71085014840425
19.054341550707694,20.94007890161209,-64.58608767213951
6.376547476566692,37.284021137948834,-45.04445337235679
37.11484331391286,1.414335500186211,-62.29561092476129
30.005967117333633,14.145866358678443,-64.26859608331202
14.745050761081217,18.516642173147563,-64.2042806132552
0.3319151966842888,-7.493978327526716,-65.10342916630565
7.5369290051500055,11.46022698432201,-65.68112554717301
19.960722039964903,23.15688362370728,-59.11957447045152
16.185905275747057,21.110772345276967,-62.17944147048226
16.292948631895968,22.04587355772387,-62.25775969035472
12.558060518733964,7.30165782464398,-67.61821295634479
9.376779374708512,35.74759352155232,-52.607314796425655
21.5024633192501,25.597235331740137,-58.94516102508918
5.2211943199474184,7.036673164669667,-66.80223456845275
3.8839343212079296,12.03006938144179,-64.8585436752395
5.825440453962276,22.28869028277938,-59.49869586900667
10.813387681817815,21.076085149316775,-62.318632691470334
13.529101663782155,25.579673542333026,-61.24063945371666
13.910985636915763,33.630485681606594,-55.676679683667025
4.73541631300041,17.167777836496693,-66.03944895722576
15.823393312450806,-4.552464498996537,-66.96962583790673
6.083586278628701,39.86594151741551,-47.26070401798756
-1.1142807910042851,26.584833597299017,-57.38847551877478
13.299235692444293,24.669265103655146,-62.17166304411058
10.77627766819841,17.251431023180235,-64.53950058797949
7.800957637248656,19.13067789931802,-63.49663381253258
15.2431858476607,22.58613231129095,-60.61878275941596
2.6448257505562633,27.46721491687028,-56.49071763953582
12.448038744975454,15.068088291199707,-65.4870432975662
13.137758759408591,24.489317505555743,-61.36662884362752
-3.4238509775132027,18.593423762094464,-63.2182425752007
2.9792900716196,20.96337286848311,-64.58581560762289
-2.329339646045023,-1.8518698958424862,-65.72542172635134
2.2981487469314246,36.6119197955832,-49.89726085803282
-3.2380822305996286,9.369326560531583,-65.42349766370536
1.426104210465974,21.95618067186901,-60.73904027946291
-6.549122814371172,0.6348390764595899,-64.36050519350351
-3.2185166536599237,21.964080854757082,-58.43886475096389
7.120497696291021,19.07420709993347,-63.20208055836991
8.598435464336855,22.810875320529966,-61.43920499583095
8.12705074349709,20.982107344762632,-63.503623975094584
2.906847787253694,19.524261387634567,-64.92716311933661
-2.5328871604116454,33.20450002077294,-56.5626830890077
15.551278173453206,56.04783223378856,-21.087149957262078
25.437671897565963,41.244908397702325,-52.74171567186836
16.763249607783266,26.19993497768849,-65.1974753898772
0.1830423069709557,-1.1943321958928639,-66.0588812365987
8.635697111336997,30.897587632468834,-61.002439990295535
2.290189300271946,39.18646835705538,-44.53858534469552
5.5018976267570014,-7.749413534853195,-66.30743571279632
21.3501876433483,29.242486018668867,-56.441979307145594
3.5246393943567575,9.986991774736332,-66.25586718318215
12.70532789006634,19.746699400050257,-63.812435472716764
6.049774629494731,23.607393803637546,-62.18262304167232
12.376451584677401,20.272176016380023,-65.99707305247878
8.543909970855895,41.21561282882369,-46.64878915814446
7.0273017646603115,35.33982359383093,-52.23146695443844
21.26561111134397,38.32201438230255,-45.85525661868426
9.231797045579762,28.704380580383187,-57.68453081042639
6.193149763769444,28.231702693300065,-56.82007966416787
7.473506104369143,35.4374522975905,-52.733391979413696
-0.845719600302898,23.18386240093357,-63.07595963470305
11.086095524748629,15.806705201426272,-67.27223949285569
-4.082543209275819,34.118950117690375,-53.77512192569408
9.622040393056906,43.263637850185155,-45.29778958305428
16.31914792116204,22.008669102149444,-63.83976910444645
0.476082562507921,11.498436090245345,-65.8033994514131
14.237522907562663,16.066349085223997,-64.98390827957678
11.001365499552413,29.205754339220423,-57.080889630164094
8.519113097658321,29.33534459930183,-58.16115011283429
-10.073511178785935,29.468331723714307,-55.18753167543072
-3.9134503328031816,27.246716762629298,-60.9442378574445
-12.17415772204793,11.980879073620642,-62.6033944311681
-6.981241289663192,37.92920521386949,-46.79304664112439
23.532684885784022,43.54760472675664,-43.04289565706381
-0.3788829582928912,13.009181269083978,-65.76717066368084
23.4628813040599,5.77767242683206,-66.99433016371931
-5.227041095559766,3.6573478182416963,-64.11840002134498
-0.5661848334508193,23.286171418168358,-58.8885950820287
17.226053246363637,24.461282820822206,-59.93922091528714
2.4325857232988977,22.799566039123032,-60.64034734008102
10.286371594994332,19.183303042430545,-65.24606130186743
0.9112834129778165,15.365866837318983,-65.56507323866946
-6.916955442872117,2.1534203835267904,-64.73876551333173
-0.9781444855189676,-3.155329739718228,-65.46337801496615
3.9364400659607224,39.984191426856974,-52.12609117908815
0.5373381731334881,26.527624340755892,-61.65957424169153
-4.33852059922928,15.720921399326313,-63.89381190798164
-4.28349074866621,18.48963604169679,-61.73202735088924
13.69901407897586,14.965529594573516,-65.93207276002315
0.8269081380756997,21.916565622324185,-62.08394953144325
-3.8699081107541833,26.416213598600457,-57.42864426415963
3.3350747635959515,15.82124582970482,-65.77496331041115
-6.678338537168317,9.484645638156827,-64.867903478859
7.873110443318699,31.51399426863017,-59.49783512682186
6.293876992664224,36.577112003421625,-53.555088047202794
-0.5899259456584822,11.03255982078215,-66.01055818012688
9.950003306226527,26.231957634377594,-59.55051194664743
-8.201245033233244,13.322085299804865,-60.84088737914721
0.18967139880772876,20.533808823111023,-61.277086619831756
5.995205878059542,19.73031851175162,-64.97790363375637
-1.6032106983698995,2.1356274607694434,-66.76333043328687
-14.103982661580542,24.896633155488242,-53.88385352843745
3.838052439798515,24.38509542369176,-64.02733887395907
2.316735041257866,39.533930733032726,-48.40162482695176
2.6520256393842914,14.919854127324552,-66.3178819463389
11.007729829835382,40.29015573132118,-47.3207098130769
17.68149508733585,33.0232184649587,-54.50376619355659
16.724924980830977,38.082351378283164,-55.03038069786838
7.53145040891261,31.60675204990131,-59.88435138373946
9.498202678978465,33.8560427751283,-58.71497773786173
-5.714707198109107,11.875067787987735,-65.26808561273647
-1.1507608511711318,25.91129012699129,-62.61095418286611
14.665029890538118,6.0935095339739735,-68.09804280849593
3.334246747364684,19.34219063262045,-63.8517365719994
-0.4404878134130623,10.836345576528043,-66.01806896085063
-0.9157626141439934,26.966723337472274,-58.020784097898485
17.98226713402422,33.74666118659905,-54.19097355647801
-11.20251616976453,4.379995305129431,-62.634677579342124
-1.9252673009244567,4.72939278703349,-66.62844894137945
16.16825402079631,10.249841658194335,-68.16369930225464
1.2577089221107318,22.211138592477678,-60.70286059085777
5.31007850155693,21.81464442398351,-62.20267783005019
-4.180627058326142,24.05218149426644,-59.22329679130593
2.3052194402213786,29.250582526743663,-59.26964435538023
10.43627660807428,19.936003903914923,-66.51258247216343
5.777258165088671,38.09053923125977,-52.55740898611437
4.470815516893051,11.367693773346009,-67.6475068482518
-10.921242604780598,16.335601869429716,-58.40602063381886
20.334843057308063,6.020795187387613,-68.90865596499518
-2.4173796423255354,12.162108794327258,-64.36839262235189
8.010650358920754,26.06631740632747,-59.10333879115364
7.2028577687766395,17.28153083247799,-64.678394980338
7.234184004906196,28.44427069688789,-58.555324204142266
-5.025815884854023,33.59947292548782,-51.059518604171174
-10.33914388084472,28.723004951510415,-52.16892845879742
3.2013303095786814,37.961444423445954,-47.589499389503985
-0.16952364845841572,30.644377207110782,-55.31753067630671
-4.2795446710142855,-10.883868414683349,-62.4625097660435
10.939569792128635,21.921331370534745,-61.111783968628885
5.381067388018714,22.10925499859049,-61.34974434896768
13.516603320145363,29.980959142928516,-57.05623561614551
-8.163896943483644,23.12283612195737,-59.4039697368048
-3.3519136493610677,26.624554192982416,-58.35541860257913
1.002570614497193,36.6588782745192,-50.88269029908288
7.567933648480045,32.43227022592294,-57.20583386802872
10.133320487102244,27.548421737157373,-61.726915543469346
5.397608765273615,36.476147622215436,-46.13347649042675
5.6597732820975954,32.87767297170081,-55.42463357342745
8.73256979563374,38.32406523877235,-53.22686782874475
-3.626042384249825,40.892169841133075,-41.363279337621336
11.948555516803172,32.26236728724854,-60.03063785828642
26.574607458265326,45.08026716398591,-44.973474232076484
20.42934517452895,38.55038306328949,-44.940884713256196
6.888318228379347,22.266039236259612,-61.88222736740254
-1.5329014066730267,32.06218091378781,-50.3379967216929
15.199582357845504,40.56524198742805,-50.46550491564105
20.618806124108076,37.9771015952511,-55.306615784981496
12.777764236058012,45.253814283761734,-44.01129140999377
-1.8017369940402297,20.88914534342981,-63.662756853138035
6.896868444637912,39.76699452804196,-48.00223041543441
16.343669937643828,42.01868688219718,-42.77315991699937
