3,-16.97414,-2.752724,-69.422693,2.936259,5.762016,-4.824113,198578.0
3,-18.662987,-0.961217,-73.327785,2.908494,6.07629,-4.77004,198663.0
3,-17.674951,1.049342,-72.190828,2.79908,5.982567,-4.807029,198752.0
3,-20.046194,2.298819,-74.411507,2.881084,6.118872,-4.718315,198837.0
3,-18.410913,1.525772,-63.787098,2.978635,5.566531,-4.83798,198922.0
3,-19.196182,0.905013,-66.776323,3.073405,5.702406,-4.766959,199015.0
3,-19.157938,0.182327,-71.775627,2.988109,0.328562,-4.589411,199097.0
3,-16.80423,1.243443,-64.485583,3.068171,5.622309,-4.8049,199180.0
3,-17.696543,2.056409,-65.414009,2.769678,5.654241,-4.908584,199271.0
3,-17.918711,2.540128,-65.813632,2.988191,5.685923,-4.834751,199355.0
3,-19.758395,1.531718,-74.164858,2.816355,6.270918,-4.68755,199435.0
3,-20.019214,0.382847,-73.841829,2.88958,6.093806,-4.778854,199523.0
3,-21.967826,-0.851915,-67.793689,2.552446,5.753484,-4.988905,199618.0
3,-26.216383,-2.255475,-75.693827,2.903971,6.242446,-4.768499,199707.0
3,-22.563901,-0.250102,-66.284075,2.194502,6.04798,-4.887039,199789.0
3,-24.674301,0.218492,-75.397463,2.747222,6.264567,-4.729845,199869.0
3,-21.196527,-0.245553,-67.166581,2.521038,5.780272,-4.987847,199959.0
3,-21.916397,-0.114179,-70.65721,3.092246,5.918177,-4.804021,200053.0
3,-21.698477,0.904283,-72.714038,2.838277,5.995126,-4.797743,200136.0
3,-17.839712,0.528419,-65.40494,3.101673,5.673324,-4.824656,200229.0
3,-16.08365,0.504951,-69.266152,2.542571,5.949044,-4.809027,200318.0
3,-16.143923,-2.362425,-72.541962,3.164348,6.199988,-4.647263,200401.0
3,-14.534725,-3.311899,-68.658228,3.230977,5.816247,-4.683375,200487.0
3,-15.769483,-3.469329,-70.418396,3.337883,0.05858,-4.640873,200582.0
3,-15.65305,-4.533568,-73.21979,2.741275,6.203309,-4.637144,200675.0
3,-14.308527,-3.431255,-73.009219,2.786593,0.018598,-4.602583,200757.0
3,-12.668817,-2.143182,-68.901534,2.986782,5.764971,-4.725855,200837.0
3,-12.404183,-2.406283,-72.713237,3.097333,6.228921,-4.640547,200920.0
3,-13.826774,-1.63672,-71.68129,3.006841,5.950315,-4.688033,201005.0
3,-17.016623,-2.256984,-73.622575,3.06619,6.128975,-4.647172,201087.0
3,-16.891771,-1.581847,-70.338454,3.346013,6.130747,-4.643833,201171.0
3,-18.26469,-0.622642,-73.585711,3.022877,6.197995,-4.680258,201267.0
3,-17.397455,-1.540583,-68.480539,3.008936,5.755939,-4.806876,201362.0
3,-18.124475,-2.238181,-74.126587,2.971443,6.11333,-4.752039,201454.0
3,-17.498793,-2.867319,-72.398171,2.544799,6.234413,-4.698743,201547.0
3,-18.799671,-2.237118,-73.384271,2.658828,0.067178,-4.667261,201642.0
3,-16.372509,-1.014983,-62.469645,3.27624,5.60458,-4.744132,201738.0
3,-17.439142,-0.913243,-69.250398,2.899356,5.764299,-4.805563,201829.0
3,-17.376513,-1.901167,-68.579788,2.649995,5.753109,-4.882003,201909.0
3,-17.529892,-1.639902,-73.149934,3.139768,6.200601,-4.663404,201988.0
3,-17.206913,-0.548212,-72.981973,2.942305,6.069154,-4.714507,202082.0
3,-16.739234,-0.539153,-72.889915,2.870447,6.038707,-4.712433,202171.0
3,-16.210879,-1.321833,-71.021132,2.574393,6.044168,-4.734005,202265.0
3,-16.958633,-1.855647,-72.618217,3.148058,6.234895,-4.65835,202347.0
3,-18.281387,-2.2869,-73.693147,3.087996,6.173822,-4.674868,202428.0
3,-18.299076,-3.245474,-73.315392,3.084626,6.249156,-4.675653,202511.0
3,-16.771265,-2.76452,-69.724731,2.554396,5.909508,-4.843711,202591.0
3,-17.276258,-3.330994,-68.413782,2.867025,5.685638,-4.841114,202678.0
3,-17.192577,-2.033076,-67.865252,2.475351,5.860314,-4.880052,202770.0
3,-18.487524,-1.585658,-72.998629,2.814637,5.99937,-4.758272,202854.0
3,-16.988235,-2.424777,-66.984673,2.731096,5.642077,-4.900894,202949.0
3,-17.675171,-2.341222,-73.845496,2.800714,0.022091,-4.655015,203038.0
3,-16.835814,-2.054197,-67.221565,2.497056,5.818579,-4.911111,203124.0
3,-18.261599,-1.822853,-71.436114,3.235606,6.143944,-4.698472,203212.0
3,-18.252932,-3.100988,-69.964671,2.991152,5.760829,-4.823753,203298.0
3,-19.361279,-2.234706,-74.070621,2.74412,6.109833,-4.762578,203383.0
3,-18.929509,-2.667625,-73.505006,3.09992,6.249839,-4.708014,203468.0
3,-19.490565,-1.281314,-73.633356,3.026305,0.078471,-4.657224,203552.0
3,-19.786112,-0.001459,-70.66041,3.199708,5.955077,-4.712233,203642.0
3,-18.296982,0.244521,-67.244601,3.073812,5.735546,-4.797735,203725.0
3,-19.186601,-0.229027,-72.907267,2.845939,6.013069,-4.792075,203809.0
3,-17.692021,-1.896135,-70.259523,2.97837,5.793058,-4.826919,203903.0
3,-17.260643,-1.461577,-71.510787,2.69078,5.936856,-4.834252,204000.0
3,-16.258024,0.959189,-68.438234,2.412829,6.040633,-4.857429,204086.0
3,-16.184396,3.236723,-66.638274,2.672787,5.758523,-4.950085,204165.0
3,-16.006823,5.233306,-72.986999,3.093745,6.223613,-4.741948,204250.0
3,-17.917302,-2.916247,-73.296738,2.730827,6.094244,-4.78294,204433.0
3,-16.124172,-3.826105,-66.322298,2.272539,6.123953,-4.783066,204529.0
3,-18.126169,-4.264668,-71.208205,3.190788,5.962735,-4.761299,204620.0
3,-18.076066,-4.693357,-69.474258,2.954608,5.704643,-4.848016,204699.0
3,-18.197221,-4.904603,-68.832283,3.262502,5.87119,-4.772161,204787.0
3,-17.711613,-4.232006,-68.464875,2.985209,5.667924,-4.859087,204877.0
3,-17.398668,-4.014448,-69.104342,2.38128,6.087535,-4.790102,204965.0
3,-17.376493,-5.151392,-70.673494,2.790846,5.830408,-4.84822,205136.0
3,-19.277334,-5.548064,-73.116965,3.019329,6.02278,-4.746213,205216.0
3,-16.705948,-7.462727,-73.400002,3.000246,6.004091,-4.757587,205478.0
3,-16.385939,-5.481986,-71.948738,3.093737,5.920223,-4.75738,205559.0
3,-14.701977,-3.234423,-61.817169,3.156081,5.511497,-4.816703,205642.0
3,-17.419251,-3.044918,-74.130554,2.799899,6.276973,-4.708129,205726.0
3,-13.267285,-6.347413,-68.441048,2.534437,5.848608,-4.871599,205886.0
3,-15.010038,-4.330173,-71.123886,3.020612,5.878106,-4.794396,205976.0
3,-15.927257,-4.88089,-72.901855,2.866833,6.021096,-4.764634,206068.0
3,-17.02109,-4.770816,-73.155336,2.882898,5.922344,-4.775999,206151.0
3,-18.017339,-6.068481,-73.750086,3.004921,5.973914,-4.771177,206230.0
3,-16.43073,-5.987815,-69.603562,3.262891,5.844229,-4.743856,206315.0
3,-15.092324,-5.433697,-68.337822,3.146536,5.746653,-4.78089,206399.0
3,-15.420188,-4.918072,-72.041421,3.155103,5.989466,-4.719726,206490.0
3,-11.654886,-3.268596,-68.983622,2.485556,6.04458,-4.760712,206649.0
3,-13.541267,-8.019541,-68.046656,2.599819,5.71958,-4.919944,206838.0
3,-14.907178,-6.180861,-70.96067,3.161923,5.8638,-4.769698,206932.0
3,-17.424255,-7.208305,-68.80455,3.070149,5.665628,-4.829229,207023.0
3,-19.526316,-8.149796,-74.292755,2.726904,6.212818,-4.740394,207114.0
3,-13.420229,-5.873996,-63.193803,2.832859,5.448269,-4.96588,207378.0
3,-13.709612,-7.461751,-68.444567,2.425915,6.022637,-4.833191,207467.0
3,-13.730366,-8.035439,-66.251693,3.235911,5.619386,-4.756743,207713.0
3,-12.411125,-10.294327,-71.287036,2.612134,6.11223,-4.741709,207802.0
3,-12.992521,-6.811378,-73.658671,2.924994,6.128763,-4.708029,207953.0
3,-14.84888,-9.712524,-66.953998,2.608977,5.608399,-4.959178,208046.0
3,-15.438735,-8.567697,-69.279718,3.095627,5.719694,-4.791279,208129.0
3,-16.851685,-8.366527,-70.864563,3.050788,5.804468,-4.770186,208213.0
3,-14.356337,-7.35511,-67.663627,2.465111,5.854487,-4.889233,208311.0
3,-14.589789,-8.019117,-66.090021,3.176252,5.633073,-4.78097,208394.0
3,-15.186191,-8.837268,-72.660022,3.117751,6.05035,-4.745119,208483.0
3,-13.53119,-7.761254,-63.606315,3.169888,5.508642,-4.790898,208571.0
3,-14.403967,-8.280533,-70.257792,2.685789,5.814787,-4.856805,208745.0
3,-14.712614,-8.132191,-70.33874,3.161162,5.837304,-4.781579,208839.0
3,-15.715403,-9.273286,-72.430658,2.865543,5.906329,-4.791476,208933.0
3,-15.541368,-8.580906,-71.55952,3.117803,5.90571,-4.7578,209021.0
3,-15.797481,-9.075749,-72.707367,3.08916,5.982325,-4.777523,209107.0
3,-15.79359,-9.969784,-72.358179,2.796127,0.083249,-4.657066,209191.0
3,-14.943503,-9.465156,-68.886452,3.288792,5.806848,-4.717752,209285.0
3,-15.13001,-9.616953,-70.037208,3.305032,5.932039,-4.707053,209381.0
3,-15.348209,-9.928352,-72.038302,3.076596,5.947234,-4.728867,209472.0
3,-15.290462,-9.495052,-72.809877,3.087315,6.024335,-4.756584,209758.0
3,-15.326309,-9.772109,-72.746544,3.089679,6.263739,-4.716613,209853.0
3,-15.34709,-10.219631,-70.655761,2.494831,6.044691,-4.761424,209945.0
3,-15.783751,-10.955483,-72.616701,3.104652,5.928825,-4.770177,210035.0
3,-16.051362,-11.197674,-73.337669,2.779758,6.04095,-4.757503,210121.0
3,-15.375749,-10.509957,-71.950784,2.786627,5.885401,-4.789231,210208.0
3,-14.609279,-9.967878,-67.773032,3.45992,5.954205,-4.688119,210296.0
3,-16.040381,-11.186618,-73.136554,3.114103,5.994947,-4.749533,210379.0
3,-15.338245,-10.127394,-70.372634,2.908367,5.700176,-4.834852,210481.0
3,-16.18351,-10.741533,-74.218135,2.966764,6.0063,-4.746275,210570.0
3,-15.498157,-10.432471,-71.195717,3.146895,5.848321,-4.750485,210660.0
3,-15.759159,-10.695261,-73.689752,2.905039,6.017276,-4.721243,210746.0
3,-14.090799,-9.295317,-66.696014,3.156554,5.625871,-4.783368,210841.0
3,-14.796124,-10.146797,-70.197597,2.792378,5.757838,-4.822614,210938.0
3,-15.576344,-10.529717,-73.433008,2.988425,6.143981,-4.705948,211028.0
3,-15.036043,-9.846115,-71.664138,2.997465,5.848864,-4.775082,211127.0
3,-14.616078,-9.512353,-69.309807,2.982799,5.705513,-4.799711,211223.0
3,-15.519151,-10.111848,-73.980026,2.916461,6.20984,-4.694739,211309.0
3,-13.934459,-9.07105,-66.7837,2.479283,5.765894,-4.885301,211404.0
3,-14.981956,-9.653109,-71.016421,3.07622,5.818722,-4.757668,211498.0
3,-14.004627,-9.139651,-67.136192,2.473052,5.800106,-4.868795,211593.0
3,-14.576546,-9.418392,-69.118576,3.024505,5.712273,-4.787643,211685.0
3,-14.863716,-9.620234,-70.55603,3.039831,5.771985,-4.77281,211767.0
3,-15.088272,-9.679823,-71.71968,2.828588,5.848895,-4.793309,211856.0
3,-15.770403,-10.030893,-73.788424,2.976109,6.135576,-4.69246,211952.0
3,-14.888438,-9.499861,-70.508013,2.800612,5.779011,-4.808521,212045.0
3,-14.476039,-8.962843,-68.815103,2.981196,5.678534,-4.817471,212133.0
3,-13.644544,-8.458061,-64.644623,3.129597,5.534144,-4.798256,212221.0
3,-15.031517,-9.46133,-71.541886,3.142528,0.11143,-4.692435,212310.0
3,-14.68619,-9.150699,-70.610666,3.005577,5.769441,-4.781986,212396.0
3,-14.612783,-9.208713,-71.908655,3.020684,5.934934,-4.731591,212489.0
3,-14.815547,-9.203504,-72.883806,2.971045,5.989185,-4.734494,212579.0
3,-14.830024,-9.279421,-73.025565,2.782825,6.109817,-4.70751,212663.0
3,-14.475345,-9.10033,-70.551271,3.302055,6.232414,-4.676579,212748.0
3,-14.547522,-8.911429,-72.054987,3.073452,5.996708,-4.735111,212836.0
3,-14.861135,-9.235436,-72.933497,2.969447,0.010566,-4.672184,212924.0
3,-14.477797,-9.101591,-71.644945,2.715174,5.95892,-4.762261,213019.0
3,-13.075581,-8.164112,-64.848123,2.76114,5.517732,-4.921835,213114.0
3,-13.052101,-8.136215,-64.565997,2.744043,5.516691,-4.919204,213208.0
3,-13.543406,-8.582654,-67.586184,2.515348,5.805066,-4.852992,213298.0
3,-13.908837,-8.860002,-68.997049,2.974299,5.689444,-4.803477,213383.0
3,-14.336399,-9.221324,-71.754107,3.047113,5.883314,-4.751082,213476.0
3,-14.172975,-9.259652,-71.985526,2.68702,6.164106,-4.694345,213572.0
3,-14.266801,-9.930107,-73.319535,2.866328,6.10202,-4.709581,213665.0
3,-12.573341,-8.830304,-65.388026,2.659337,5.572577,-4.940447,213759.0
3,-13.435017,-9.341352,-69.114852,2.850694,5.694649,-4.828377,213856.0
3,-14.350724,-9.938508,-73.384485,2.955374,6.12866,-4.707297,213947.0
3,-14.058566,-9.474279,-71.855254,3.013151,5.936908,-4.736628,214044.0
3,-12.791787,-8.460538,-66.549072,2.598278,5.700745,-4.897958,214138.0
3,-14.462025,-9.406893,-72.962618,2.959077,6.043622,-4.7129,214232.0
3,-14.255354,-9.309855,-70.97404,3.098408,5.839055,-4.768241,214331.0
3,-14.390161,-9.545022,-71.55858,3.027825,5.834069,-4.786982,214419.0
3,-14.554671,-9.604538,-72.352824,3.062656,0.047904,-4.693991,214512.0
3,-13.150392,-8.413671,-65.433083,3.011982,5.515078,-4.825749,214597.0
3,-13.74562,-8.85155,-68.235521,3.001549,5.649925,-4.813673,214689.0
3,-14.313864,-9.161136,-71.282539,2.992071,5.832321,-4.774307,214783.0
3,-12.991408,-8.314947,-64.619875,2.971381,5.482501,-4.850205,214860.0
3,-14.161762,-9.293176,-70.410705,3.091496,5.801273,-4.780324,214954.0
3,-14.813472,-9.917911,-73.702598,2.991022,6.178404,-4.705776,215040.0
3,-14.17431,-9.187253,-70.527711,3.214993,5.866397,-4.70928,215121.0
3,-14.767189,-9.913069,-73.510041,2.982785,5.997012,-4.74335,215207.0
3,-14.58981,-9.664536,-72.572441,3.045163,0.027506,-4.694486,215290.0
3,-14.451331,-9.465797,-71.300979,3.150585,5.922257,-4.72528,215388.0
3,-14.299406,-9.618872,-70.863748,2.830785,5.843805,-4.780512,215478.0
3,-14.655043,-9.806599,-72.170234,2.972985,5.880774,-4.747165,215560.0
3,-15.000115,-9.939508,-73.540492,2.989828,6.105587,-4.701932,215645.0
3,-14.993671,-10.030832,-73.511214,2.829337,6.193156,-4.673793,215742.0
3,-13.344216,-8.893171,-65.95243,2.820948,5.540399,-4.876425,215831.0
3,-14.634947,-9.699454,-72.039566,3.035751,5.885358,-4.740341,215912.0
3,-14.286188,-9.473072,-70.825701,2.980412,5.765278,-4.780727,215994.0
3,-14.516964,-9.743838,-71.760545,2.76293,5.913819,-4.761797,216078.0
3,-14.915335,-9.974907,-73.034678,3.102596,6.111418,-4.691415,216173.0
3,-14.598114,-9.792867,-71.035485,3.274257,6.208019,-4.676325,216270.0
3,-14.586682,-9.746596,-70.730143,3.282793,0.007498,-4.674998,216367.0
3,-14.423684,-9.630689,-70.19382,2.576987,5.938051,-4.794472,216461.0
3,-14.653778,-9.748123,-70.652137,3.119478,5.789483,-4.748848,216555.0
3,-14.859734,-9.815277,-71.512895,2.846698,5.828606,-4.790735,216648.0
3,-15.217569,-10.026336,-73.399887,3.021093,6.01713,-4.712564,216742.0
3,-15.187944,-10.072619,-73.547387,3.014672,6.155015,-4.686092,216836.0
3,-14.740606,-9.950075,-72.069931,2.755169,0.015979,-4.64218,216929.0
3,-14.024391,-9.413747,-69.54721,2.720412,5.758839,-4.827841,217021.0
3,-14.837584,-9.844446,-72.963982,3.001183,5.98803,-4.729504,217114.0
3,-14.97164,-9.97086,-72.812347,3.110729,0.000702,-4.662033,217197.0
3,-15.106932,-10.055088,-73.55134,3.024376,6.23015,-4.6684,217279.0
3,-15.153784,-10.054517,-73.60116,3.043473,6.152129,-4.68104,217376.0
3,-14.816542,-9.907831,-73.02505,2.840744,6.021264,-4.731385,217468.0
3,-14.649705,-9.740544,-72.174463,2.997457,5.892527,-4.748216,217552.0
3,-14.537424,-9.724534,-71.658974,2.967135,5.836041,-4.759824,217645.0
3,-14.73884,-9.749635,-72.646279,3.023044,5.980292,-4.725817,217741.0
3,-14.143522,-9.438951,-70.047851,2.8099,5.749567,-4.813897,217832.0
3,-14.970118,-9.998472,-73.458505,2.8193,6.148678,-4.691295,217920.0
3,-15.012983,-10.030769,-73.332353,2.976028,6.258415,-4.663124,218009.0
3,-13.174394,-8.772495,-65.167785,2.770404,5.51767,-4.907349,218096.0
3,-14.770501,-9.884,-72.649865,2.960448,5.935009,-4.737342,218186.0
3,-14.748359,-9.970924,-72.533259,2.764534,6.205476,-4.674888,218270.0
3,-15.026966,-10.038319,-73.493896,3.01774,6.123128,-4.688235,218369.0
3,-14.687666,-9.840251,-72.478385,2.863771,5.941044,-4.751865,218459.0
3,-14.355334,-9.5814,-71.075563,3.06389,5.804456,-4.770132,218548.0
3,-13.827178,-9.752727,-72.136178,3.170497,0.04863,-4.706593,218720.0
3,-13.026572,-9.349951,-68.4518,2.410181,6.079611,-4.748284,218806.0
3,-13.851146,-9.697525,-71.764369,3.065264,5.8424,-4.763271,218895.0
3,-12.993922,-9.204576,-67.976456,2.46087,5.903203,-4.823794,218990.0
3,-13.536299,-9.561685,-70.311508,2.686938,5.859213,-4.808,219075.0
3,-13.85641,-9.502485,-70.80925,2.993007,5.785002,-4.784731,219165.0
3,-14.270687,-9.727332,-72.605433,3.129382,6.007684,-4.718849,219256.0
3,-14.29439,-9.892175,-73.140407,2.870655,6.016933,-4.735363,219339.0
3,-14.56918,-9.979362,-73.733568,2.878775,6.15968,-4.710224,219427.0
3,-13.97791,-9.156159,-70.393333,2.995706,5.765227,-4.791674,219518.0
3,-13.902888,-9.343714,-70.831132,3.168667,5.903109,-4.724758,219617.0
3,-13.8862,-9.260621,-70.52865,3.309546,6.091979,-4.703065,219708.0
3,-13.533459,-8.934973,-68.613791,3.311759,5.835428,-4.712103,219804.0
3,-13.103979,-8.669653,-67.532458,3.065446,5.649402,-4.787498,219898.0
3,-13.303082,-8.752365,-69.124522,2.62683,5.811222,-4.845606,219985.0
3,-14.568274,-9.335466,-73.609071,2.962669,6.205608,-4.703579,220074.0
3,-13.827674,-8.504814,-69.519968,2.930913,5.724425,-4.817642,220164.0
3,-14.400319,-9.10403,-71.916323,3.164449,0.077551,-4.700687,220249.0
3,-14.062289,-8.53523,-70.730982,2.989731,5.792289,-4.777682,220341.0
3,-14.076366,-8.657162,-70.529656,3.05913,5.789853,-4.779777,220419.0
3,-14.705101,-9.345097,-73.725891,3.002992,6.087085,-4.730659,220510.0
3,-14.069955,-8.810391,-70.336695,3.165329,5.805292,-4.763572,220601.0
3,-14.349679,-9.20419,-72.09579,2.927447,5.877409,-4.775662,220697.0
3,-14.540714,-9.305723,-73.553691,2.986969,6.167775,-4.708711,220787.0
3,-13.362172,-8.276291,-67.232013,3.272604,5.687737,-4.728717,220872.0
3,-13.474256,-8.583161,-68.88454,3.060156,5.700309,-4.782421,220964.0
3,-13.221229,-8.151844,-67.417526,3.251095,5.725165,-4.721107,221051.0
3,-13.093165,-8.057226,-67.540932,2.962076,5.650255,-4.809894,221140.0
3,-14.069377,-8.656174,-72.020488,2.712114,6.15824,-4.69535,221223.0
3,-13.79626,-8.520767,-70.230851,3.318243,6.048803,-4.692768,221307.0
3,-13.898315,-8.646925,-69.44838,3.219616,5.790549,-4.755441,221399.0
3,-14.66155,-9.128754,-72.733469,3.13396,6.201627,-4.718897,221487.0
3,-13.778572,-8.389017,-68.108926,3.094853,5.689561,-4.796144,221576.0
3,-12.787256,-7.696533,-63.072586,3.126479,5.488611,-4.803835,221661.0
3,-13.357133,-8.083605,-65.414634,3.120408,5.565921,-4.796419,221838.0
3,-14.659474,-8.769406,-71.610069,3.149598,6.017607,-4.71447,221932.0
3,-15.140919,-9.278604,-73.43801,2.988392,6.098604,-4.726855,222027.0
3,-14.52074,-8.852598,-71.725497,3.167138,6.092529,-4.721053,222203.0
3,-14.533676,-8.831706,-71.7697,3.174191,6.144339,-4.714333,222299.0
3,-14.304247,-8.534159,-70.945344,2.987401,5.830028,-4.783838,222387.0
3,-14.485611,-8.621819,-72.187991,2.880987,5.921612,-4.779,222473.0
3,-14.435637,-8.596759,-71.911278,2.912317,5.896039,-4.779729,222560.0
3,-14.345688,-8.563408,-71.510196,2.995643,5.859066,-4.773288,222652.0
3,-13.960032,-8.323114,-70.094018,2.496536,6.071994,-4.753502,222740.0
3,-14.380785,-8.539763,-71.804657,2.72273,5.955038,-4.794656,222824.0
3,-14.428716,-8.597314,-71.780586,2.992398,5.888523,-4.772403,222909.0
3,-13.648967,-8.191961,-68.479486,2.460028,6.001148,-4.793341,222998.0
3,-14.313774,-8.494216,-71.030765,3.017931,5.849379,-4.776185,223083.0
3,-14.229182,-8.491721,-70.87646,2.736907,5.901384,-4.800196,223163.0
3,-13.846028,-8.172429,-68.652024,2.800883,5.718629,-4.841289,223248.0
3,-13.7876,-8.109881,-68.466468,2.645747,5.779551,-4.861573,223331.0
3,-14.424344,-8.415253,-70.458884,2.587826,5.992063,-4.751294,223420.0
3,-14.72681,-8.501826,-71.886201,2.710649,5.94763,-4.781944,223510.0
3,-13.631454,-8.006174,-67.191987,2.974516,5.629126,-4.817339,223606.0
3,-14.302815,-8.48554,-70.996032,2.864178,5.851087,-4.79798,223696.0
3,-13.020291,-7.759453,-64.043283,3.176194,5.549031,-4.780165,223782.0
3,-14.147918,-8.378458,-70.158763,2.883775,5.79284,-4.805518,223873.0
3,-14.191234,-8.461408,-70.722222,2.717484,5.903702,-4.801539,223955.0
3,-14.179029,-8.428263,-70.156951,3.046849,5.795265,-4.776588,224042.0
3,-14.095913,-8.391056,-70.269141,2.641404,5.937166,-4.799316,224130.0
3,-13.529035,-8.097844,-67.771926,2.473237,5.9204,-4.82661,224216.0
3,-14.327821,-8.489957,-71.183014,2.646828,6.09857,-4.728217,224309.0
3,-13.718389,-8.06397,-68.272729,2.494076,5.914372,-4.829094,224387.0
3,-14.951178,-8.593892,-71.814637,3.038975,5.899857,-4.763192,224477.0
3,-14.893579,-8.461705,-71.882744,2.70535,5.916186,-4.819117,224573.0
3,-15.391599,-8.672146,-73.598871,2.782096,6.141575,-4.745768,224660.0
3,-14.234467,-8.058015,-68.432031,2.58496,5.766048,-4.911547,224749.0
3,-15.184836,-8.656891,-72.351608,2.954107,5.933615,-4.779313,224838.0
3,-12.950567,-7.411318,-61.417623,3.18534,5.442966,-4.798901,224922.0
3,-13.754915,-7.898811,-65.685501,3.070344,5.551159,-4.822518,225017.0
3,-15.365129,-8.816598,-73.543181,2.90038,6.080148,-4.74482,225107.0
3,-14.883632,-8.557913,-71.570663,2.665706,0.080395,-4.652205,225192.0
3,-13.700684,-7.877882,-65.571566,3.065766,5.544013,-4.823742,225275.0
3,-14.911497,-8.457011,-71.790857,3.203688,0.006002,-4.730781,225357.0
3,-14.415486,-8.026654,-71.435289,2.978733,5.895721,-4.791059,225446.0
3,-14.384773,-7.959835,-72.033648,2.780207,5.951836,-4.798176,225537.0
3,-14.60047,-7.677766,-72.477784,2.950756,0.081504,-4.726716,225793.0
3,-14.481429,-8.202516,-72.379441,3.006212,5.934366,-4.796678,225876.0
3,-12.670878,-6.724155,-64.25077,3.208581,5.586682,-4.79805,225968.0
3,-12.313216,-5.77678,-63.869739,2.464499,5.702671,-4.99058,226050.0
3,-11.888822,-5.68093,-60.93524,2.542727,5.507915,-5.042504,226135.0
3,-13.287772,-6.261345,-66.562171,2.432039,0.188404,-4.60803,226227.0
3,-14.338566,-5.894582,-71.449394,2.659641,6.113802,-4.777917,226310.0
3,-13.808538,-4.98336,-65.911746,2.962017,5.596823,-4.855925,226397.0
3,-14.173834,-6.617765,-70.636711,2.763979,5.879107,-4.820061,226490.0
3,-12.650411,-6.826692,-62.673173,2.394706,5.675601,-5.036321,226580.0
3,-14.16867,-9.821488,-69.135332,2.873258,5.69573,-4.906488,226668.0
3,-15.540186,-11.296529,-70.661936,2.642955,5.835031,-4.90633,226757.0
3,-14.678778,-10.979567,-64.12324,3.086975,0.502351,-4.682744,226841.0
3,-15.868369,-12.054347,-70.480227,2.593618,5.80778,-4.897409,227026.0
3,-15.610857,-12.336673,-71.620407,2.624096,5.911794,-4.83261,227116.0
3,-16.663229,-12.49647,-73.354278,2.73525,6.184618,-4.73932,227212.0
3,-15.147393,-11.354913,-69.771361,2.443208,6.18586,-4.712409,227296.0
3,-14.648036,-11.245998,-72.87046,2.76695,6.259121,-4.706578,227383.0
3,-13.953779,-11.071416,-72.498727,2.764329,6.146816,-4.739131,227479.0
3,-14.123765,-11.479983,-73.820071,2.965022,6.156077,-4.729092,227568.0
3,-13.008116,-10.947542,-71.192498,2.660187,0.042537,-4.677973,227652.0
3,-11.94754,-10.235246,-68.075714,3.048529,5.641117,-4.82748,227735.0
3,-12.648031,-11.245044,-72.62382,2.936408,5.946615,-4.768563,227819.0
3,-9.340867,-10.120606,-65.609193,2.360713,6.101381,-4.723173,227916.0
3,-8.812051,-11.352323,-72.818179,3.08528,6.066076,-4.732142,228007.0
3,-7.972825,-11.188475,-71.99039,3.090104,5.927167,-4.725537,228091.0
3,-8.085788,-11.797475,-72.461863,2.817685,6.123442,-4.698922,228186.0
3,-7.985743,-11.630081,-69.52352,3.206829,5.775048,-4.706384,228273.0
3,-7.751046,-11.383014,-68.749404,3.02557,5.654901,-4.780293,228356.0
3,-8.731179,-12.30749,-72.359424,3.070471,0.041874,-4.690173,228445.0
3,-8.85861,-11.854677,-71.323915,3.234684,6.050686,-4.689488,228538.0
3,-9.08777,-11.912827,-71.956782,3.190217,6.214641,-4.681414,228637.0
3,-9.155641,-11.839634,-72.417955,3.081559,6.241282,-4.666912,228725.0
3,-9.208936,-11.225735,-72.789507,2.947425,6.159925,-4.676979,228810.0
3,-9.456145,-10.436221,-71.360927,2.990152,5.950312,-4.717754,228908.0
3,-9.392894,-10.124989,-72.073932,3.112201,6.000509,-4.714435,228995.0
3,-9.765539,-10.789573,-70.781436,2.944003,5.756393,-4.789687,229083.0
3,-10.069984,-11.454825,-71.545091,3.149958,5.911996,-4.72007,229182.0
3,-9.600827,-11.085485,-68.832793,2.753953,5.72472,-4.81869,229272.0
3,-9.764044,-10.876417,-65.707216,3.085894,5.514654,-4.795831,229363.0
3,-9.830121,-11.230872,-65.153184,3.396685,5.637276,-4.670031,229454.0
3,-10.748144,-13.055483,-72.848992,3.001807,0.019655,-4.692421,229545.0
3,-10.659124,-13.181156,-72.839112,2.8203,6.008862,-4.737988,229635.0
3,-10.258512,-12.81346,-69.458947,3.088071,5.654225,-4.785194,229729.0
3,-10.670333,-13.580769,-72.392373,3.132444,0.022276,-4.706324,229820.0
3,-10.904197,-13.796623,-73.70913,2.892576,6.12302,-4.713717,229906.0
3,-10.607978,-13.155941,-72.620478,2.981218,5.941831,-4.738981,230003.0
3,-10.663499,-12.944226,-72.022018,2.887302,5.803704,-4.768735,230090.0
3,-10.754051,-12.910872,-71.824546,2.833221,5.892493,-4.743753,230173.0
3,-10.644026,-12.858419,-70.615897,2.744273,0.02854,-4.628046,230259.0
3,-11.262039,-12.48548,-72.303963,3.04951,5.904011,-4.741241,230452.0
3,-10.760549,-11.17956,-68.264937,3.106395,5.631608,-4.765184,230545.0
3,-11.877478,-12.437123,-71.951227,3.09332,5.866395,-4.746476,230637.0
3,-12.059609,-12.522558,-71.074753,3.248466,6.210731,-4.691847,230731.0
3,-12.048423,-12.50847,-71.362748,3.234451,6.041531,-4.697629,230829.0
3,-11.634064,-12.12839,-70.310402,3.005596,5.71165,-4.780137,230923.0
3,-12.194108,-12.441012,-71.022096,2.95194,5.769753,-4.781628,231017.0
3,-11.912923,-12.243245,-70.174308,3.294021,0.017408,-4.685764,231111.0
3,-12.280085,-12.690295,-72.774248,2.877912,6.137187,-4.69491,231205.0
3,-12.584053,-12.551798,-72.87971,3.053743,5.980854,-4.723629,231294.0
3,-12.433124,-12.486504,-71.471071,3.217041,5.903888,-4.702274,231396.0
3,-12.581952,-12.591318,-72.946296,3.026869,5.993879,-4.72342,231482.0
3,-11.050568,-11.012077,-63.46004,3.094263,5.411602,-4.793519,231577.0
3,-12.278584,-12.69558,-72.6056,2.894765,6.228066,-4.670549,231675.0
3,-12.356048,-12.80597,-72.706866,3.043035,6.115176,-4.695901,231767.0
3,-10.55241,-11.017008,-62.802444,3.144081,5.407349,-4.784351,231863.0
3,-12.518607,-12.724512,-72.354851,3.021078,5.847518,-4.769736,231955.0
3,-12.396406,-12.674819,-70.927248,3.140668,0.160494,-4.705327,232052.0
3,-12.774605,-12.862953,-73.299232,2.979808,6.020223,-4.760587,232145.0
3,-11.607922,-11.529948,-66.857986,3.080754,5.531525,-4.78793,232240.0
3,-11.626555,-11.617064,-67.027779,3.047676,5.539931,-4.802835,232337.0
3,-12.22241,-12.447618,-70.939608,3.115069,5.768509,-4.766389,232423.0
3,-12.535366,-13.046176,-72.984171,3.030768,6.276161,-4.690606,232510.0
3,-12.055482,-12.797761,-71.96712,3.147278,5.925975,-4.728745,232697.0
3,-11.473038,-12.070616,-69.040179,3.144105,5.680996,-4.769773,232790.0
3,-11.150308,-11.721958,-71.046557,3.015574,5.787021,-4.780688,232879.0
3,-11.614805,-13.028334,-72.739611,2.922303,6.018055,-4.73368,232963.0
3,-11.284882,-12.435001,-72.273088,2.829352,5.94522,-4.766647,233055.0
3,-11.156224,-12.937647,-70.192757,3.280493,5.877591,-4.711292,233138.0
3,-11.320237,-13.370153,-71.360521,2.842382,5.840196,-4.78108,233227.0
3,-10.045357,-11.606901,-62.936902,3.21475,5.428901,-4.759566,233316.0
3,-11.437943,-13.437903,-72.159705,3.179727,6.159659,-4.720361,233401.0
3,-11.264609,-13.086629,-71.600604,3.037718,5.821946,-4.77409,233496.0
3,-10.648311,-12.669424,-69.319968,3.040758,5.65835,-4.789624,233585.0
3,-9.880937,-11.846941,-65.60431,3.3162,5.595566,-4.693613,233672.0
3,-10.008072,-12.155746,-66.784706,3.129314,5.563255,-4.770897,233763.0
3,-10.331796,-12.743654,-70.462747,2.729397,0.137648,-4.627382,233848.0
3,-10.597101,-13.036283,-72.130823,2.75726,6.002283,-4.75727,233943.0
3,-10.463735,-12.757366,-71.197066,2.73152,5.818227,-4.824971,234036.0
3,-10.294832,-12.607001,-70.41635,2.71127,5.773341,-4.841082,234120.0
3,-10.580697,-13.01582,-72.029381,2.804856,0.043466,-4.659812,234216.0
3,-10.309564,-12.605329,-70.26288,2.665027,5.810383,-4.84281,234310.0
3,-10.262111,-12.499527,-69.864936,2.770743,5.705576,-4.848734,234400.0
3,-10.199327,-12.431009,-69.392352,2.669279,5.742331,-4.861942,234486.0
3,-10.850551,-13.137593,-73.203998,3.017541,5.928787,-4.749162,234584.0
3,-10.642034,-13.08512,-72.495408,2.862365,0.039313,-4.665756,234680.0
3,-10.73365,-13.187716,-72.83422,2.820052,6.067192,-4.729154,234767.0
3,-10.693521,-13.12144,-72.517695,2.912258,5.925531,-4.759383,234851.0
3,-10.667748,-13.132422,-72.439051,3.003446,5.900039,-4.753044,234945.0
3,-10.637214,-13.058277,-71.749892,3.047907,5.8249,-4.763769,235037.0
3,-10.646427,-13.050649,-71.904674,2.98295,5.845444,-4.768244,235123.0
3,-10.47895,-12.816495,-70.386043,3.146935,5.754791,-4.750886,235213.0
3,-10.499853,-12.915912,-70.632539,3.096256,5.756474,-4.768128,235298.0
3,-10.600208,-12.99704,-71.403031,3.052935,5.802017,-4.767215,235390.0
3,-10.407689,-12.750938,-70.608764,2.77363,5.803412,-4.808173,235479.0
3,-10.484149,-12.935693,-71.621308,2.731096,5.911567,-4.781219,235571.0
3,-10.647856,-13.129367,-72.475929,2.996383,5.905236,-4.750826,235665.0
3,-10.49065,-13.042248,-72.148805,2.777187,5.993768,-4.750088,235758.0
3,-10.599964,-13.115145,-72.404075,2.974439,5.904627,-4.752495,235850.0
3,-10.595533,-13.099117,-72.232146,3.049787,5.880254,-4.749125,235946.0
3,-10.349842,-12.857038,-71.193094,2.709393,5.901752,-4.78161,236041.0
3,-10.570666,-13.113261,-72.424607,2.957165,5.907534,-4.751436,236137.0
3,-10.212327,-12.83164,-70.642257,2.790094,0.120831,-4.628313,236231.0
3,-10.525217,-12.987661,-71.313987,3.225463,5.859447,-4.733364,236320.0
3,-10.554348,-13.013687,-71.515069,3.209216,5.868212,-4.734561,236403.0
3,-9.377491,-11.526822,-63.278704,3.145944,5.404576,-4.782184,236487.0
3,-9.468854,-11.625533,-63.660302,3.14194,5.42197,-4.787377,236582.0
3,-9.835346,-12.152189,-66.047015,3.152415,5.499238,-4.779414,236674.0
3,-10.56058,-13.124019,-71.231232,2.925578,5.797767,-4.800351,236758.0
3,-10.785668,-13.460919,-72.260909,3.203713,6.13023,-4.721806,236848.0
3,-10.430812,-13.048074,-70.287561,3.179947,0.156159,-4.713401,236933.0
3,-10.643744,-13.205187,-71.666651,3.174098,5.8789,-4.760449,237014.0
3,-9.837686,-12.146982,-66.417527,2.994702,5.50835,-4.830953,237092.0
3,-9.820533,-12.104577,-66.507392,3.037282,5.508646,-4.808505,237181.0
3,-10.338808,-13.032799,-69.54906,3.177569,0.222921,-4.717909,237275.0
3,-10.6463,-13.091919,-71.81035,3.058303,5.827972,-4.763718,237366.0
3,-10.076331,-12.263334,-67.300463,3.118613,5.582866,-4.771792,237448.0
3,-9.715516,-11.791164,-64.763231,3.192605,5.493432,-4.752253,237535.0
3,-10.028964,-12.152976,-66.887851,3.113894,5.56423,-4.769845,237626.0
3,-9.624811,-11.628577,-63.709235,3.265552,5.483704,-4.72444,237712.0
3,-10.377936,-12.650844,-69.589381,3.137517,5.706071,-4.753512,237804.0
3,-10.458331,-12.784249,-70.275226,3.134139,5.739996,-4.752016,237887.0
3,-10.409441,-12.708141,-69.853768,3.117201,5.71419,-4.757979,237967.0
3,-9.961809,-12.182769,-67.401361,3.061725,5.549103,-4.782843,238051.0
3,-10.411824,-13.008685,-70.137706,3.086392,5.698824,-4.788123,238131.0
3,-10.613998,-13.100744,-71.495843,3.234469,5.90732,-4.711316,238214.0
3,-10.313681,-12.666491,-69.254365,3.076081,5.673544,-4.779063,238296.0
3,-10.62353,-12.708499,-68.983359,3.361321,5.802289,-4.701957,238375.0
3,-11.332308,-13.392504,-73.082018,3.110427,6.103606,-4.729345,238462.0
3,-11.086972,-13.116623,-71.893449,3.058689,5.838047,-4.745883,238546.0
3,-11.098818,-13.213967,-72.253661,3.133572,5.947303,-4.721344,238630.0
3,-10.764698,-13.05323,-70.634151,3.321483,6.049199,-4.695879,238727.0
3,-10.839785,-13.558214,-72.607951,3.153421,6.055164,-4.722807,238820.0
3,-10.806971,-13.776989,-73.355608,2.853492,6.046402,-4.739891,238912.0
3,-10.722498,-13.768705,-73.166351,2.792769,6.053283,-4.735306,239006.0
3,-10.318105,-12.939918,-69.720521,3.154965,5.685606,-4.7707,239084.0
3,-10.918002,-13.70047,-73.490105,3.07022,6.120212,-4.724428,239248.0
3,-10.647378,-13.659109,-72.554231,2.722278,6.061195,-4.736681,239335.0
3,-10.773106,-13.640182,-72.9491,2.838668,5.930159,-4.770859,239419.0
3,-10.480207,-13.270724,-70.48121,2.724718,5.828565,-4.793571,239508.0
3,-10.239891,-13.06806,-69.404221,2.615916,5.833921,-4.807447,239592.0
3,-10.862277,-13.866843,-73.412781,2.930524,6.016032,-4.744666,239678.0
3,-10.733702,-13.735874,-72.548151,2.832294,5.966065,-4.756841,239774.0
3,-10.13116,-13.046829,-69.252353,2.629295,5.768466,-4.858962,239867.0
3,-10.2192,-13.470155,-71.150436,2.646407,6.194849,-4.671633,239956.0
3,-10.486388,-13.492124,-72.538009,3.105695,5.949349,-4.736512,240041.0
3,-10.683044,-13.557833,-72.962646,3.048822,5.945077,-4.759046,240123.0
3,-9.919831,-12.558131,-68.042998,3.146574,5.589396,-4.764331,240206.0
3,-9.931534,-12.606651,-68.606372,3.448192,5.910405,-4.686259,240287.0
3,-9.494074,-12.258328,-67.617898,2.856627,5.606506,-4.84182,240371.0
3,-9.80895,-12.652621,-68.620605,3.05274,5.638471,-4.778643,240451.0
3,-10.146072,-13.274511,-71.48376,3.207169,6.011358,-4.71376,240537.0
3,-9.682728,-12.703202,-69.210353,3.151505,5.676641,-4.762747,240630.0
3,-9.702521,-12.689888,-69.37778,3.09062,5.676251,-4.773223,240713.0
3,-10.135976,-13.454683,-71.727676,2.849055,5.906096,-4.75511,240795.0
3,-10.429459,-13.482398,-72.260318,3.214735,6.040701,-4.716825,240876.0
3,-10.466046,-13.749489,-73.059678,2.960304,6.214664,-4.694865,240962.0
3,-10.214216,-13.002514,-70.545688,3.323463,5.930225,-4.702585,241053.0
3,-10.433218,-13.226579,-71.953135,3.104591,5.901519,-4.731776,241139.0
3,-10.51488,-13.398713,-72.18133,3.228408,6.011652,-4.735241,241231.0
3,-10.045892,-12.833818,-69.62636,3.370899,5.908676,-4.691181,241314.0
3,-10.302929,-13.454559,-72.137666,3.167588,6.132493,-4.703773,241396.0
3,-10.243263,-13.427767,-71.970572,3.196072,6.039322,-4.710518,241477.0
3,-10.233535,-13.423607,-71.965737,3.174735,6.001004,-4.714612,241562.0
3,-10.271749,-13.586476,-72.518115,2.99073,6.028202,-4.727202,241654.0
3,-10.291483,-13.632826,-72.613616,2.964314,6.202978,-4.689126,241737.0
3,-10.216417,-13.567585,-72.625413,3.053421,5.964878,-4.723981,241822.0
3,-9.237092,-12.019159,-65.76098,3.181457,5.527707,-4.753984,241916.0
3,-10.22666,-13.611697,-72.867303,3.064661,5.99993,-4.722565,242005.0
3,-10.251223,-13.707001,-73.204126,3.043199,6.120488,-4.714008,242094.0
3,-9.388796,-12.396156,-66.925316,3.177592,5.554387,-4.76354,242186.0
3,-10.109485,-13.615086,-72.455049,2.988589,5.855167,-4.759732,242280.0
3,-9.81867,-13.179926,-70.758262,2.97453,5.715586,-4.80098,242363.0
3,-9.466178,-13.02312,-69.039798,2.49739,6.075013,-4.721777,242461.0
3,-9.821285,-13.223816,-70.965614,3.006741,5.725728,-4.790189,242554.0
3,-9.910619,-13.537924,-71.934505,3.077102,0.09848,-4.691053,242647.0
3,-10.105877,-13.877168,-73.749824,2.949594,6.059507,-4.727432,242743.0
3,-10.069741,-13.816855,-73.380241,2.870969,6.110914,-4.71496,242837.0
3,-9.90963,-13.097619,-72.031174,3.163349,5.910419,-4.727469,242932.0
3,-9.894342,-13.652161,-71.953692,2.844944,0.060759,-4.652095,243022.0
3,-9.74384,-13.126788,-70.984893,3.206578,5.79933,-4.739292,243112.0
3,-9.753242,-13.566006,-71.439271,2.860626,0.107576,-4.640804,243200.0
3,-9.715871,-13.109572,-69.389534,2.919129,5.685939,-4.791389,243293.0
3,-9.613142,-13.038863,-68.787003,2.932737,5.635151,-4.79877,243371.0
3,-9.086938,-12.539171,-66.216731,2.421772,5.902889,-4.799657,243458.0
3,-9.498445,-12.883179,-68.142586,2.819015,5.629519,-4.828222,243557.0
3,-10.027255,-13.844383,-73.43967,2.970892,6.192973,-4.695982,243644.0
3,-9.946535,-13.830781,-73.34794,2.964718,6.095517,-4.697622,243726.0
3,-9.460747,-13.268495,-70.005174,2.59489,6.22523,-4.645451,243816.0
3,-9.886662,-13.803805,-73.057556,2.903167,6.076825,-4.697104,243908.0
3,-9.862392,-13.80978,-73.018546,2.891137,6.1313,-4.683234,244001.0
3,-9.902514,-13.837939,-72.960505,2.889,6.135546,-4.690624,244089.0
3,-9.828729,-13.78424,-72.831254,2.882412,6.15192,-4.67553,244175.0
3,-9.694013,-13.718749,-72.754426,2.825994,6.082874,-4.694545,244253.0
3,-9.550133,-13.562549,-71.752777,2.861008,0.04618,-4.638645,244336.0
3,-9.793083,-13.783431,-72.821045,2.869917,6.108466,-4.683337,244420.0
3,-9.895098,-13.814027,-73.021927,2.918002,6.162031,-4.681239,244509.0
3,-9.87027,-13.818018,-73.130846,2.948549,6.167462,-4.676746,244598.0
3,-9.446621,-13.475536,-71.560454,2.74804,5.97634,-4.728453,244675.0
3,-9.734279,-13.735723,-73.05243,3.032979,6.004192,-4.712992,244767.0
3,-9.206819,-13.044127,-69.837165,2.93632,5.678799,-4.79258,244857.0
3,-8.78826,-12.110102,-66.662798,3.073622,5.542716,-4.774493,244942.0
3,-9.497161,-13.491226,-71.820931,2.857579,5.886628,-4.744795,245029.0
3,-9.547983,-13.406371,-71.862206,3.1622,5.948234,-4.710997,245120.0
3,-9.527941,-13.618929,-71.93357,2.807226,6.233949,-4.651633,245209.0
3,-8.411839,-11.732992,-64.064994,3.172546,5.441738,-4.758545,245295.0
3,-9.580065,-13.424128,-72.215776,3.094521,6.004553,-4.714191,245380.0
3,-9.377522,-13.044528,-70.911965,3.175662,5.867914,-4.710747,245473.0
3,-9.601949,-13.621218,-72.845073,3.044551,6.018438,-4.714995,245566.0
3,-9.80623,-13.574811,-71.471543,2.933206,0.131924,-4.643595,245661.0
3,-9.890226,-13.693349,-72.059436,2.965064,0.091435,-4.653257,245755.0
3,-9.671533,-13.753,-72.792039,2.868944,6.090892,-4.688304,245840.0
3,-9.108168,-12.914855,-69.124231,2.879819,5.646308,-4.809957,245928.0
3,-9.192964,-13.197464,-70.090308,2.760395,5.783589,-4.788571,246009.0
3,-9.29239,-13.300875,-70.803995,2.834432,5.78928,-4.777936,246094.0
3,-9.322133,-13.311279,-70.962114,2.866899,5.788119,-4.773744,246178.0
3,-9.369715,-13.324832,-71.046624,2.889299,5.781741,-4.76264,246277.0
3,-9.567272,-13.486784,-72.117701,3.001827,5.867021,-4.736964,246370.0
3,-9.768401,-13.717182,-73.042283,3.025106,6.154878,-4.689455,246464.0
3,-9.872372,-13.671316,-72.606888,3.171845,6.227024,-4.682818,246555.0
3,-9.931205,-13.720807,-72.746348,2.950998,0.035709,-4.666723,246650.0
3,-9.779717,-13.59674,-71.971192,2.804409,0.035663,-4.638676,246743.0
3,-8.554034,-12.099484,-65.385766,2.969611,5.452717,-4.827293,246836.0
3,-9.163786,-13.122922,-70.226111,2.885776,5.690501,-4.794291,246923.0
3,-9.34601,-13.201596,-70.759254,3.05734,5.747653,-4.746644,247018.0
3,-8.271461,-11.557349,-62.969127,3.160654,5.393103,-4.762439,247110.0
3,-8.250086,-11.560125,-62.94662,3.165516,5.389338,-4.76077,247204.0
3,-9.318627,-13.184168,-70.94069,3.012674,5.752309,-4.742803,247300.0
3,-9.348626,-13.340707,-71.438899,3.021266,5.760124,-4.754507,247392.0
3,-9.186872,-13.097857,-69.819536,3.127045,5.683334,-4.737288,247490.0
3,-8.619555,-12.505414,-66.661158,2.562469,5.684593,-4.859756,247584.0
3,-9.275591,-13.29137,-70.898614,3.131021,5.732346,-4.735522,247673.0
3,-9.104941,-13.058151,-70.100007,2.877557,5.65799,-4.806809,247755.0
3,-8.713592,-12.416199,-67.06737,2.909893,5.509888,-4.839018,247841.0
3,-9.267739,-13.277035,-71.177878,2.980728,5.724854,-4.764288,248027.0
3,-9.465312,-13.590491,-72.837615,2.995708,5.852911,-4.746978,248121.0
3,-8.749552,-12.293434,-67.163825,3.130826,5.556,-4.759172,248205.0
3,-9.554882,-13.688425,-73.224068,2.970812,5.980005,-4.718213,248297.0
3,-8.935313,-12.577292,-68.472605,3.170909,5.653457,-4.732524,248397.0
3,-8.978601,-12.660149,-71.934352,3.167646,6.10527,-4.690601,248486.0
3,-9.181028,-13.491385,-71.622515,2.66174,6.091381,-4.70074,248583.0
3,-9.456385,-13.705156,-73.150477,3.031748,5.894716,-4.7399,248681.0
3,-8.655128,-12.465684,-66.635742,2.908862,5.489658,-4.837856,248771.0
3,-9.199358,-13.16993,-70.367012,3.144679,5.693017,-4.732683,248867.0
3,-9.390557,-13.792905,-72.679672,2.9931,0.035928,-4.665939,248957.0
3,-9.23994,-13.829926,-72.624688,2.897561,6.166904,-4.672691,249053.0
3,-9.274595,-13.816583,-72.721734,3.017739,6.242632,-4.668222,249144.0
3,-9.327893,-13.84827,-73.032336,2.995169,6.192927,-4.672238,249226.0
3,-9.067772,-13.562132,-71.378379,2.720014,6.232542,-4.642236,249305.0
3,-9.052595,-13.653194,-71.647363,2.926614,0.035289,-4.638681,249399.0
3,-8.95385,-13.727543,-72.242136,3.050931,6.014128,-4.694338,249490.0
3,-9.093741,-13.822798,-72.975893,3.040644,6.103661,-4.678289,249582.0
3,-8.339924,-12.726777,-67.520747,3.24456,5.625419,-4.692091,249673.0
3,-7.920118,-12.323397,-65.393367,2.649946,5.584444,-4.890479,249752.0
3,-8.340456,-12.813861,-68.011856,3.175355,5.60984,-4.721144,249835.0
3,-8.169758,-12.639854,-67.160907,2.951151,5.541705,-4.796551,249920.0
3,-8.157228,-12.668202,-67.142229,2.815647,5.58764,-4.840919,250002.0
3,-8.17731,-12.530099,-66.520648,3.250752,5.569191,-4.692207,250083.0
3,-8.203377,-12.708628,-67.423782,2.916903,5.562229,-4.805229,250167.0
3,-8.290085,-12.838582,-68.201394,2.993014,5.580328,-4.776972,250248.0
3,-8.102681,-12.499851,-66.38658,2.946103,5.513384,-4.802903,250327.0
3,-8.616751,-13.161734,-69.506845,3.209478,5.746853,-4.694142,250417.0
3,-8.176196,-12.702693,-67.109704,2.636841,5.723815,-4.835777,250501.0
3,-8.259418,-12.652786,-66.67573,3.198369,5.562886,-4.713596,250599.0
3,-8.947901,-13.733052,-71.919975,3.073366,6.221234,-4.669008,250689.0
3,-8.88353,-13.742942,-71.711092,2.80054,6.193444,-4.668041,250784.0
3,-9.115888,-13.943936,-72.5279,3.114026,6.173574,-4.674173,250874.0
3,-9.063025,-13.84235,-72.240424,3.103401,6.239617,-4.665786,250960.0
3,-8.982095,-13.789119,-72.090926,3.190773,6.083899,-4.684489,251055.0
3,-8.966643,-13.771031,-71.860704,3.236966,6.078176,-4.684859,251150.0
3,-8.878812,-13.706602,-71.732135,3.223808,5.996745,-4.684341,251243.0
3,-8.137012,-12.483171,-66.132021,3.21456,5.542145,-4.700382,251330.0
3,-8.073668,-12.547833,-66.254525,2.698444,5.610373,-4.86444,251413.0
3,-7.873329,-12.253245,-64.969077,2.660914,5.555686,-4.896764,251498.0
3,-8.077061,-12.519017,-66.132846,2.992194,5.49468,-4.794201,251586.0
3,-8.109773,-12.535967,-66.113801,3.004364,5.497597,-4.789605,251674.0
3,-8.211376,-12.579447,-66.341815,3.18704,5.542123,-4.71615,251757.0
3,-8.496763,-12.996448,-68.309898,3.247425,5.667382,-4.69556,251843.0
3,-8.960938,-13.764747,-71.8536,3.244119,6.071038,-4.686403,251935.0
3,-8.165059,-12.538034,-66.374969,3.199282,5.547554,-4.705963,252012.0
3,-8.071628,-12.527527,-66.359544,2.698153,5.613739,-4.86387,252102.0
3,-8.06757,-12.470366,-65.902367,2.91759,5.502196,-4.816724,252188.0
3,-8.020905,-12.423152,-65.593386,2.954017,5.476711,-4.811442,252278.0
3,-8.114153,-12.544188,-66.195006,2.965964,5.504706,-4.79993,252367.0
3,-8.881583,-13.674333,-70.978403,3.334251,6.02572,-4.682632,252461.0
3,-8.916851,-13.767484,-71.884575,3.239296,6.033082,-4.684875,252550.0
3,-7.824015,-12.07498,-63.391795,3.144944,5.403966,-4.748269,252642.0
3,-8.083323,-12.514694,-65.855799,3.010004,5.482586,-4.790735,252722.0
3,-8.936191,-13.914651,-72.094393,3.15873,5.987405,-4.694263,252808.0
3,-8.876902,-13.785573,-71.735811,3.223959,5.968932,-4.689351,252903.0
3,-8.123109,-12.532212,-65.583367,3.186896,5.502574,-4.7253,252997.0
3,-8.757175,-13.607838,-70.872865,3.184953,5.827613,-4.698501,253088.0
3,-8.067274,-12.524488,-66.095223,2.966594,5.491528,-4.804326,253174.0
3,-8.134447,-12.651113,-66.717081,2.993844,5.51359,-4.792925,253269.0
3,-8.090528,-12.422642,-65.803728,3.225883,5.52923,-4.6994,253352.0
3,-8.890973,-13.694572,-71.520524,3.182673,6.241615,-4.673871,253441.0
3,-8.283653,-12.769088,-67.741866,2.878289,5.591835,-4.807903,253521.0
3,-8.05998,-12.463121,-65.924401,2.888968,5.509659,-4.824756,253601.0
3,-8.341752,-12.848953,-68.891373,2.748285,5.679193,-4.815659,253692.0
3,-8.271583,-12.197869,-68.025155,2.965061,5.580767,-4.783071,253775.0
3,-9.019892,-13.573314,-72.195435,2.896622,0.034798,-4.648364,253865.0
3,-8.225398,-12.021517,-66.382804,3.212412,5.563715,-4.708028,253952.0
3,-9.061015,-13.659073,-72.737403,2.934314,6.247478,-4.663137,254043.0
3,-7.822295,-11.50593,-63.337393,3.149757,5.419205,-4.745655,254130.0
3,-8.901338,-13.719577,-73.508415,3.048931,6.176423,-4.697617,254222.0
3,-8.6818,-13.18084,-72.516451,3.085656,5.951519,-4.719183,254318.0
3,-8.509683,-13.105959,-72.44874,3.019804,6.250152,-4.654756,254408.0
3,-8.584504,-12.631767,-72.593837,3.019738,6.160812,-4.678781,254494.0
3,-7.727116,-10.196582,-63.575788,2.977578,5.407506,-4.819355,254591.0
3,-8.768394,-11.858121,-71.096587,2.761204,6.130798,-4.689822,254681.0
3,-7.589341,-10.233305,-62.065887,3.055335,5.374177,-4.792485,254774.0
3,-8.51258,-12.077509,-70.782089,3.025594,5.739141,-4.75506,254868.0
3,-8.288439,-12.314886,-72.243972,2.88825,5.964187,-4.711675,254955.0
3,-7.919191,-11.769621,-69.546938,2.957661,5.681349,-4.760871,255041.0
3,-8.459391,-12.38605,-72.514009,3.183686,6.208908,-4.67335,255128.0
3,-8.337244,-12.028257,-72.005196,2.959999,6.051935,-4.687051,255224.0
3,-8.306191,-12.034926,-71.901054,2.927468,6.027339,-4.692689,255311.0
3,-8.332731,-11.94157,-71.947365,3.19741,6.100268,-4.678976,255398.0
3,-8.393138,-12.069865,-72.193346,2.981449,6.071688,-4.682378,255476.0
3,-8.297461,-12.013572,-72.000237,3.159319,6.108097,-4.67731,255563.0
3,-7.955109,-11.529396,-69.697022,3.172252,5.763159,-4.69814,255654.0
3,-6.97817,-10.081971,-61.440558,3.125936,5.357996,-4.753712,255736.0
3,-7.272634,-10.519593,-64.415865,2.970618,5.453366,-4.804211,255821.0
3,-7.307019,-10.525259,-64.847207,2.875126,5.497552,-4.82794,255905.0
3,-8.260623,-12.55507,-73.650451,3.038964,6.047674,-4.695268,255997.0
3,-7.914135,-11.97059,-72.067027,3.062017,6.270426,-4.665356,256083.0
3,-7.616755,-11.502289,-68.296695,2.88261,5.610059,-4.786882,256178.0
3,-8.227269,-12.54809,-73.611693,3.059569,6.164895,-4.68092,256270.0
3,-8.046089,-12.231703,-72.431154,2.957723,6.249774,-4.668833,256366.0
3,-8.014234,-12.227702,-72.245684,2.882195,6.253114,-4.660837,256459.0
3,-7.712606,-11.969694,-70.860934,2.710855,6.074378,-4.684289,256556.0
3,-7.935636,-12.041553,-72.401667,3.094864,6.14473,-4.678302,256651.0
3,-7.790364,-12.009249,-71.987643,3.02967,6.245687,-4.663024,256745.0
3,-7.925511,-12.093282,-72.296877,2.924169,6.134522,-4.682737,256839.0
3,-7.905953,-12.075232,-72.331424,3.008,6.178699,-4.6747,256933.0
3,-7.811677,-11.808418,-71.763787,2.978039,0.004067,-4.650168,257025.0
3,-7.784126,-12.05721,-71.472907,2.778356,6.087654,-4.683456,257121.0
3,-8.020474,-12.070411,-72.656808,3.052875,6.071125,-4.695134,257208.0
3,-7.976146,-12.316086,-72.723107,2.925491,6.03144,-4.693251,257295.0
3,-7.859617,-12.33592,-71.882119,3.060611,0.080779,-4.646585,257390.0
3,-7.671894,-12.182965,-71.559615,2.828026,0.004392,-4.629982,257486.0
3,-7.463372,-12.082307,-71.068878,2.838692,5.858344,-4.745097,257580.0
3,-7.383243,-11.962204,-70.319543,2.923864,5.75324,-4.751366,257673.0
3,-7.315572,-11.641945,-69.694901,3.071845,5.726624,-4.724748,257765.0
3,-6.53658,-10.209695,-62.008276,3.070256,5.38165,-4.775216,257852.0
3,-7.437759,-11.766795,-70.684686,3.023217,5.842991,-4.720595,258027.0
3,-7.745757,-12.00748,-72.396264,3.048694,6.098987,-4.680715,258121.0
3,-8.160247,-12.255801,-72.661219,3.051567,5.970589,-4.701791,258216.0
3,-7.949629,-12.30657,-71.498628,3.044333,0.141618,-4.657546,258312.0
3,-7.921181,-12.458268,-72.509742,2.981099,6.268497,-4.656455,258406.0
3,-8.008046,-12.529672,-72.790313,3.057361,6.163178,-4.672788,258498.0
3,-7.688646,-12.389345,-72.14273,3.138242,5.968903,-4.680278,258593.0
3,-7.746624,-12.477101,-72.385612,3.146416,6.158808,-4.670815,258688.0
3,-8.042367,-12.543349,-72.658424,3.089803,6.02046,-4.706009,258779.0
3,-8.068715,-12.263755,-70.470171,3.18879,5.82038,-4.694319,258875.0
3,-8.399717,-12.6438,-72.535057,3.042948,6.09209,-4.682036,258966.0
3,-8.509732,-12.71144,-72.185245,3.142219,6.163319,-4.678723,259038.0
3,-8.644613,-12.689388,-72.579598,3.105118,6.160425,-4.681256,259132.0
3,-8.567615,-12.571582,-71.17466,3.179703,0.084566,-4.683154,259217.0
3,-8.743397,-12.769402,-72.694316,3.07047,6.143946,-4.686254,259301.0
3,-8.751669,-12.615147,-72.003646,3.210181,5.997762,-4.689576,259388.0
3,-8.791387,-12.852038,-72.80622,3.004926,6.00914,-4.702665,259475.0
3,-8.072853,-11.706183,-66.395073,2.941676,5.496496,-4.814491,259572.0
3,-8.098262,-11.767302,-66.489806,2.83189,5.534963,-4.824811,259658.0
3,-8.614126,-12.41433,-70.541949,3.024812,5.767848,-4.729655,259739.0
3,-8.780725,-12.751755,-71.381111,2.905878,5.814581,-4.743884,259827.0
3,-9.166581,-12.762998,-72.358866,3.096741,6.202029,-4.667117,259916.0
3,-9.369081,-13.024976,-73.038268,2.890119,6.074914,-4.693347,260007.0
3,-9.111506,-12.557681,-71.859674,3.123462,0.007719,-4.663882,260096.0
3,-9.330925,-12.727356,-72.83071,3.031585,6.05265,-4.695079,260184.0
3,-9.309076,-12.735723,-72.788606,2.95063,6.081327,-4.693257,260273.0
3,-9.30262,-12.652557,-72.164202,3.124623,0.00761,-4.667655,260350.0
3,-9.452034,-12.861042,-72.885718,3.038149,6.038528,-4.689505,260440.0
3,-9.258604,-12.688109,-72.60859,3.069295,6.181432,-4.673335,260533.0
3,-9.290855,-12.729484,-72.648759,3.073587,6.175277,-4.676625,260628.0
3,-8.950924,-12.492567,-70.745339,2.671677,6.123597,-4.669495,260719.0
3,-9.109715,-12.601649,-71.755791,3.191906,6.241573,-4.672885,260802.0
3,-9.15626,-12.671311,-72.105103,3.158537,6.217637,-4.671392,260890.0
3,-8.96403,-12.680379,-71.977,2.858964,6.082322,-4.677031,260978.0
3,-9.058798,-12.688884,-72.46995,3.06637,6.079326,-4.680065,261064.0
3,-9.014991,-12.570093,-72.139931,2.979707,6.241364,-4.651831,261153.0
3,-8.990591,-12.522607,-71.835175,2.964708,0.014507,-4.64116,261236.0
3,-9.064367,-12.5932,-72.19749,2.991452,6.24269,-4.652617,261320.0
3,-9.231507,-12.655838,-72.542663,3.110712,6.194268,-4.672142,261404.0
3,-9.021104,-12.450664,-71.486087,2.991839,0.055622,-4.637749,261488.0
3,-9.32539,-12.714784,-72.951708,3.008142,6.045788,-4.692602,261583.0
3,-9.198294,-12.526951,-72.201424,2.954823,6.252184,-4.652824,261675.0
3,-9.272568,-12.5532,-72.53849,2.89218,6.107284,-4.685565,261758.0
3,-9.314622,-12.58231,-72.76751,2.966734,6.070168,-4.688859,261852.0
3,-9.282006,-12.581222,-72.682495,2.928152,6.10278,-4.683351,261942.0
3,-9.243264,-12.563735,-72.512164,2.931604,6.180056,-4.666371,262028.0
3,-9.122919,-12.45039,-71.817765,2.981073,0.026552,-4.644003,262109.0
3,-9.075111,-12.408661,-71.5729,3.004106,0.05297,-4.642863,262192.0
3,-9.127839,-12.489892,-71.951571,2.932635,6.275187,-4.645445,262274.0
3,-9.110366,-12.446593,-71.577301,2.949479,0.048619,-4.641225,262356.0
3,-9.403099,-12.809318,-72.819033,2.975762,6.034657,-4.694868,262447.0
3,-9.336065,-13.00064,-72.682953,2.763597,6.074888,-4.678966,262532.0
3,-9.354801,-13.150996,-73.060732,3.091307,6.156051,-4.669744,262609.0
3,-9.179844,-12.99217,-72.171526,3.135249,0.026761,-4.657881,262698.0
3,-8.744584,-12.61629,-70.642495,2.692996,6.24633,-4.624147,262786.0
